Year,Month,Make,Quantity,Pct
2015,1,Toyota,2884,22.7
2015,1,Volkswagen,2521,19.9
2015,1,Mahindra,1029,8.1
2015,1,Ford,870,6.9
2015,1,Volvo,693,5.5
2015,1,Skoda,665,5.2
2015,1,Tata,622,4.9
2015,1,Audi,599,4.7
2015,1,Honda,423,3.3
2015,1,Mercedes-Benz,362,2.9
2015,1,BMW,352,2.8
2015,1,Citroen,263,2.1
2015,1,Suzuki,258,2
2015,1,MG,191,1.5
2015,1,BYD,169,1.3
2015,1,Renault,168,1.3
2015,1,Mitsubishi,136,1.1
2015,1,Nissan,127,1
2015,1,Hyundai,97,0.8
2015,1,Kia,55,0.4
2015,1,Datsun,33,0.3
2015,1,MINI,26,0.2
2015,1,Ashok LeyLand,26,0.2
2015,1,Lexus,22,0.2
2015,1,Chevrolet,20,0.2
2015,1,BharatBenz,16,0.1
2015,1,Eicher,15,0.1
2015,1,Land Rover,14,0.1
2015,1,Fiat,9,0.1
2015,1,Chrysler,4,0
2015,1,Isuzu,4,0
2015,1,Jaguar,3,0
2015,1,Jeep,2,0
2015,1,Force Motors,2,0
2015,1,Iveco,2,0
2015,1,Smart,1,0
2015,1,Ssangyong,1,0
2015,1,NA,1,0
2015,2,Toyota,1885,19.2
2015,2,Volkswagen,1517,15.5
2015,2,Ford,686,7
2015,2,Mahindra,621,6.3
2015,2,Volvo,570,5.8
2015,2,Tata,551,5.6
2015,2,Audi,498,5.1
2015,2,Skoda,463,4.7
2015,2,Mercedes-Benz,410,4.2
2015,2,Honda,356,3.6
2015,2,BMW,335,3.4
2015,2,Suzuki,264,2.7
2015,2,Mitsubishi,262,2.7
2015,2,Citroen,247,2.5
2015,2,MG,239,2.4
2015,2,BYD,175,1.8
2015,2,Hyundai,149,1.5
2015,2,Nissan,134,1.4
2015,2,Kia,119,1.2
2015,2,Renault,84,0.9
2015,2,Chevrolet,35,0.4
2015,2,MINI,32,0.3
2015,2,Land Rover,30,0.3
2015,2,Datsun,24,0.2
2015,2,Eicher,22,0.2
2015,2,Ashok LeyLand,18,0.2
2015,2,Lexus,17,0.2
2015,2,BharatBenz,9,0.1
2015,2,Fiat,6,0.1
2015,2,Jeep,6,0.1
2015,2,Force Motors,6,0.1
2015,2,Chrysler,5,0.1
2015,2,Jaguar,5,0.1
2015,2,Smart,5,0.1
2015,2,Chevrolet US,3,0
2015,2,Ssangyong,2,0
2015,2,Porsche,2,0
2015,2,Cadillac,1,0
2015,3,Toyota,1833,16.3
2015,3,Volkswagen,1428,12.7
2015,3,Mahindra,867,7.7
2015,3,Ford,766,6.8
2015,3,Audi,682,6.1
2015,3,Volvo,656,5.8
2015,3,Tata,578,5.1
2015,3,Mitsubishi,512,4.5
2015,3,Skoda,491,4.4
2015,3,Honda,399,3.5
2015,3,Mercedes-Benz,387,3.4
2015,3,BMW,365,3.2
2015,3,Suzuki,333,3
2015,3,Nissan,327,2.9
2015,3,MG,319,2.8
2015,3,BYD,243,2.2
2015,3,Citroen,239,2.1
2015,3,Hyundai,228,2
2015,3,Kia,171,1.5
2015,3,Renault,131,1.2
2015,3,Chevrolet,52,0.5
2015,3,Land Rover,40,0.4
2015,3,Jeep,33,0.3
2015,3,MINI,28,0.2
2015,3,Eicher,27,0.2
2015,3,Datsun,25,0.2
2015,3,BharatBenz,21,0.2
2015,3,Fiat,20,0.2
2015,3,Lexus,18,0.2
2015,3,Porsche,14,0.1
2015,3,Jaguar,9,0.1
2015,3,Ashok LeyLand,7,0.1
2015,3,Isuzu,5,0
2015,3,Cadillac,4,0
2015,3,Chrysler,3,0
2015,3,Force Motors,1,0
2015,3,NA,1,0
2015,3,Aston Martin,1,0
2015,4,Toyota,1300,14.7
2015,4,Volkswagen,1257,14.2
2015,4,Volvo,587,6.6
2015,4,Audi,556,6.3
2015,4,Mahindra,547,6.2
2015,4,Tata,534,6
2015,4,Ford,451,5.1
2015,4,Skoda,438,4.9
2015,4,Mercedes-Benz,387,4.4
2015,4,BMW,360,4.1
2015,4,Honda,351,4
2015,4,Suzuki,347,3.9
2015,4,Nissan,328,3.7
2015,4,MG,249,2.8
2015,4,BYD,191,2.2
2015,4,Citroen,179,2
2015,4,Hyundai,142,1.6
2015,4,Mitsubishi,104,1.2
2015,4,Renault,92,1
2015,4,Kia,92,1
2015,4,Chevrolet,79,0.9
2015,4,Ashok LeyLand,77,0.9
2015,4,Land Rover,42,0.5
2015,4,MINI,31,0.4
2015,4,Datsun,25,0.3
2015,4,BharatBenz,20,0.2
2015,4,Lexus,18,0.2
2015,4,Eicher,17,0.2
2015,4,Chrysler,11,0.1
2015,4,Jeep,10,0.1
2015,4,Fiat,7,0.1
2015,4,Porsche,7,0.1
2015,4,Jaguar,5,0.1
2015,4,Isuzu,5,0.1
2015,4,Morgan,4,0
2015,4,Cadillac,2,0
2015,4,Smart,1,0
2015,4,Iveco,1,0
2015,5,Volkswagen,1934,16.1
2015,5,Toyota,1866,15.5
2015,5,Volvo,805,6.7
2015,5,Tata,771,6.4
2015,5,Mahindra,743,6.2
2015,5,Ford,648,5.4
2015,5,Audi,630,5.2
2015,5,Honda,520,4.3
2015,5,Skoda,517,4.3
2015,5,BMW,431,3.6
2015,5,Mercedes-Benz,422,3.5
2015,5,Suzuki,420,3.5
2015,5,Nissan,382,3.2
2015,5,MG,325,2.7
2015,5,BYD,241,2
2015,5,Citroen,223,1.9
2015,5,Mitsubishi,222,1.8
2015,5,Kia,169,1.4
2015,5,Hyundai,155,1.3
2015,5,Renault,109,0.9
2015,5,Land Rover,91,0.8
2015,5,Ashok LeyLand,78,0.6
2015,5,Jeep,72,0.6
2015,5,Chevrolet,65,0.5
2015,5,Eicher,36,0.3
2015,5,MINI,30,0.2
2015,5,Datsun,29,0.2
2015,5,Fiat,18,0.1
2015,5,BharatBenz,17,0.1
2015,5,Lexus,10,0.1
2015,5,Chrysler,8,0.1
2015,5,Jaguar,5,0
2015,5,Porsche,4,0
2015,5,Aston Martin,4,0
2015,5,Ssangyong,3,0
2015,5,Smart,2,0
2015,5,Morgan,2,0
2015,6,Toyota,1620,14.6
2015,6,Volkswagen,1531,13.8
2015,6,Ford,772,7
2015,6,Tata,683,6.2
2015,6,Volvo,662,6
2015,6,Honda,624,5.6
2015,6,Mahindra,569,5.1
2015,6,Skoda,512,4.6
2015,6,Audi,498,4.5
2015,6,BMW,477,4.3
2015,6,Mercedes-Benz,421,3.8
2015,6,Mitsubishi,414,3.7
2015,6,Nissan,364,3.3
2015,6,MG,296,2.7
2015,6,Citroen,277,2.5
2015,6,Suzuki,262,2.4
2015,6,Hyundai,204,1.8
2015,6,BYD,195,1.8
2015,6,Kia,159,1.4
2015,6,Renault,107,1
2015,6,Chevrolet,74,0.7
2015,6,Jeep,68,0.6
2015,6,Ashok LeyLand,65,0.6
2015,6,Land Rover,47,0.4
2015,6,MINI,37,0.3
2015,6,Eicher,37,0.3
2015,6,Datsun,23,0.2
2015,6,BharatBenz,21,0.2
2015,6,Lexus,17,0.2
2015,6,Fiat,10,0.1
2015,6,Jaguar,8,0.1
2015,6,Smart,8,0.1
2015,6,Chrysler,5,0
2015,6,Porsche,5,0
2015,6,Ssangyong,5,0
2015,6,Aston Martin,3,0
2015,6,Cadillac,1,0
2015,6,Chevrolet US,1,0
2015,6,Bentley,1,0
2015,7,Toyota,1901,15.8
2015,7,Volkswagen,1777,14.7
2015,7,Volvo,1064,8.8
2015,7,Ford,1006,8.3
2015,7,Mahindra,749,6.2
2015,7,Tata,685,5.7
2015,7,Audi,562,4.7
2015,7,Skoda,489,4.1
2015,7,Mercedes-Benz,469,3.9
2015,7,BMW,403,3.3
2015,7,Honda,401,3.3
2015,7,Mitsubishi,381,3.2
2015,7,Suzuki,296,2.5
2015,7,MG,294,2.4
2015,7,Citroen,281,2.3
2015,7,Nissan,277,2.3
2015,7,BYD,204,1.7
2015,7,Hyundai,182,1.5
2015,7,Kia,137,1.1
2015,7,Renault,124,1
2015,7,Chevrolet,78,0.6
2015,7,Jeep,56,0.5
2015,7,Ashok LeyLand,51,0.4
2015,7,Eicher,33,0.3
2015,7,Land Rover,32,0.3
2015,7,MINI,28,0.2
2015,7,Datsun,26,0.2
2015,7,Lexus,16,0.1
2015,7,BharatBenz,14,0.1
2015,7,Fiat,12,0.1
2015,7,Jaguar,12,0.1
2015,7,Smart,8,0.1
2015,7,Chrysler,5,0
2015,7,Porsche,3,0
2015,7,Aston Martin,3,0
2015,7,Ssangyong,1,0
2015,7,Force Motors,1,0
2015,7,NA,1,0
2015,8,Toyota,1783,16.5
2015,8,Volkswagen,1665,15.4
2015,8,Ford,816,7.6
2015,8,Mitsubishi,681,6.3
2015,8,Audi,590,5.5
2015,8,Mahindra,531,4.9
2015,8,Volvo,498,4.6
2015,8,Skoda,476,4.4
2015,8,Tata,472,4.4
2015,8,Mercedes-Benz,435,4
2015,8,Suzuki,392,3.6
2015,8,BMW,348,3.2
2015,8,Nissan,348,3.2
2015,8,Honda,296,2.7
2015,8,Citroen,288,2.7
2015,8,MG,237,2.2
2015,8,Hyundai,196,1.8
2015,8,Kia,122,1.1
2015,8,BYD,103,1
2015,8,Renault,100,0.9
2015,8,Ashok LeyLand,92,0.9
2015,8,Chevrolet,67,0.6
2015,8,Jeep,51,0.5
2015,8,Eicher,40,0.4
2015,8,Lexus,30,0.3
2015,8,Land Rover,28,0.3
2015,8,MINI,24,0.2
2015,8,Fiat,23,0.2
2015,8,Datsun,13,0.1
2015,8,Smart,13,0.1
2015,8,BharatBenz,12,0.1
2015,8,Jaguar,5,0
2015,8,Ssangyong,3,0
2015,8,Cadillac,3,0
2015,8,Chrysler,1,0
2015,8,Porsche,1,0
2015,8,Isuzu,1,0
2015,8,Iveco,1,0
2015,8,Lancia,1,0
2015,9,Volkswagen,1373,14.7
2015,9,Toyota,1303,14
2015,9,Ford,679,7.3
2015,9,Volvo,662,7.1
2015,9,Mitsubishi,553,5.9
2015,9,Nissan,432,4.6
2015,9,Mahindra,426,4.6
2015,9,Tata,414,4.4
2015,9,Audi,393,4.2
2015,9,Honda,358,3.8
2015,9,Skoda,354,3.8
2015,9,Suzuki,314,3.4
2015,9,Mercedes-Benz,298,3.2
2015,9,BMW,271,2.9
2015,9,MG,266,2.8
2015,9,Hyundai,247,2.6
2015,9,BYD,220,2.4
2015,9,Citroen,184,2
2015,9,Kia,158,1.7
2015,9,Ashok LeyLand,85,0.9
2015,9,Renault,69,0.7
2015,9,Chevrolet,57,0.6
2015,9,Jeep,34,0.4
2015,9,Land Rover,32,0.3
2015,9,Fiat,32,0.3
2015,9,MINI,26,0.3
2015,9,Eicher,26,0.3
2015,9,Lexus,25,0.3
2015,9,BharatBenz,15,0.2
2015,9,Datsun,12,0.1
2015,9,Jaguar,5,0.1
2015,9,Chrysler,4,0
2015,9,Porsche,4,0
2015,9,Smart,3,0
2015,9,Ssangyong,2,0
2015,9,Force Motors,1,0
2015,9,Morgan,1,0
2015,9,Lancia,1,0
2015,9,Maserati,1,0
2015,10,Volkswagen,1941,16.7
2015,10,Toyota,1648,14.2
2015,10,Volvo,1014,8.7
2015,10,Mahindra,707,6.1
2015,10,Ford,693,6
2015,10,BMW,562,4.8
2015,10,Audi,554,4.8
2015,10,Tata,547,4.7
2015,10,Nissan,518,4.4
2015,10,Skoda,438,3.8
2015,10,Honda,428,3.7
2015,10,Mercedes-Benz,376,3.2
2015,10,Suzuki,333,2.9
2015,10,Mitsubishi,324,2.8
2015,10,MG,247,2.1
2015,10,BYD,234,2
2015,10,Hyundai,220,1.9
2015,10,Citroen,202,1.7
2015,10,Kia,145,1.2
2015,10,Ashok LeyLand,141,1.2
2015,10,Renault,75,0.6
2015,10,Jeep,52,0.4
2015,10,Chevrolet,47,0.4
2015,10,Land Rover,39,0.3
2015,10,Fiat,28,0.2
2015,10,Eicher,27,0.2
2015,10,MINI,26,0.2
2015,10,Lexus,23,0.2
2015,10,Datsun,21,0.2
2015,10,BharatBenz,10,0.1
2015,10,Jaguar,7,0.1
2015,10,Smart,6,0.1
2015,10,Chrysler,4,0
2015,10,Porsche,3,0
2015,10,Ssangyong,1,0
2015,10,Cadillac,1,0
2015,10,Force Motors,1,0
2015,10,Chevrolet US,1,0
2015,10,Maserati,1,0
2015,10,Isuzu,1,0
2015,11,Toyota,1579,15.1
2015,11,Volkswagen,1473,14.1
2015,11,Volvo,710,6.8
2015,11,Ford,566,5.4
2015,11,Nissan,530,5.1
2015,11,BMW,525,5
2015,11,Honda,509,4.9
2015,11,Mahindra,479,4.6
2015,11,Tata,477,4.6
2015,11,Audi,448,4.3
2015,11,Skoda,447,4.3
2015,11,Mercedes-Benz,447,4.3
2015,11,Suzuki,310,3
2015,11,Mitsubishi,299,2.9
2015,11,MG,287,2.7
2015,11,BYD,233,2.2
2015,11,Ashok LeyLand,220,2.1
2015,11,Citroen,206,2
2015,11,Kia,161,1.5
2015,11,Hyundai,156,1.5
2015,11,Renault,74,0.7
2015,11,Chevrolet,50,0.5
2015,11,MINI,48,0.5
2015,11,Jeep,46,0.4
2015,11,Fiat,40,0.4
2015,11,Datsun,25,0.2
2015,11,Land Rover,23,0.2
2015,11,Lexus,22,0.2
2015,11,Eicher,19,0.2
2015,11,BharatBenz,18,0.2
2015,11,Chrysler,9,0.1
2015,11,Jaguar,7,0.1
2015,11,Porsche,3,0
2015,11,Ssangyong,3,0
2015,11,Smart,2,0
2015,11,NA,1,0
2015,11,Maserati,1,0
2015,12,Volkswagen,1272,13.8
2015,12,Toyota,1081,11.7
2015,12,Ford,821,8.9
2015,12,Volvo,641,7
2015,12,Skoda,578,6.3
2015,12,BMW,512,5.6
2015,12,Tata,481,5.2
2015,12,Honda,471,5.1
2015,12,Audi,462,5
2015,12,Mercedes-Benz,456,4.9
2015,12,Mitsubishi,351,3.8
2015,12,BYD,307,3.3
2015,12,Nissan,244,2.6
2015,12,Mahindra,225,2.4
2015,12,Ashok LeyLand,224,2.4
2015,12,Suzuki,201,2.2
2015,12,MG,194,2.1
2015,12,Kia,132,1.4
2015,12,Hyundai,128,1.4
2015,12,Citroen,120,1.3
2015,12,Renault,57,0.6
2015,12,Land Rover,56,0.6
2015,12,Chevrolet,44,0.5
2015,12,Jeep,43,0.5
2015,12,MINI,28,0.3
2015,12,BharatBenz,21,0.2
2015,12,Eicher,16,0.2
2015,12,Datsun,16,0.2
2015,12,Lexus,10,0.1
2015,12,Fiat,9,0.1
2015,12,Smart,6,0.1
2015,12,Chrysler,4,0
2015,12,Ssangyong,3,0
2015,12,Jaguar,2,0
2015,12,Porsche,2,0
2015,12,Cadillac,1,0
2015,12,Force Motors,1,0
2015,12,Maserati,1,0
2015,12,Bentley,1,0
2016,1,Toyota,1758,17.8
2016,1,Volkswagen,1224,12.4
2016,1,Ford,942,9.5
2016,1,Volvo,593,6
2016,1,Mahindra,592,6
2016,1,Honda,549,5.5
2016,1,Nissan,472,4.8
2016,1,Audi,429,4.3
2016,1,Mercedes-Benz,374,3.8
2016,1,BMW,368,3.7
2016,1,Skoda,360,3.6
2016,1,Suzuki,344,3.5
2016,1,Mitsubishi,337,3.4
2016,1,Tata,334,3.4
2016,1,MG,280,2.8
2016,1,Ashok LeyLand,161,1.6
2016,1,Citroen,146,1.5
2016,1,BYD,114,1.2
2016,1,Kia,111,1.1
2016,1,Hyundai,97,1
2016,1,Renault,59,0.6
2016,1,MINI,55,0.6
2016,1,Jeep,32,0.3
2016,1,Lexus,30,0.3
2016,1,Chevrolet,28,0.3
2016,1,Eicher,24,0.2
2016,1,Fiat,22,0.2
2016,1,Land Rover,21,0.2
2016,1,Datsun,16,0.2
2016,1,BharatBenz,15,0.2
2016,1,Chrysler,5,0.1
2016,1,Smart,4,0
2016,1,Force Motors,3,0
2016,1,Jaguar,2,0
2016,2,Volkswagen,1767,16.7
2016,2,Toyota,1494,14.1
2016,2,Ford,1016,9.6
2016,2,Volvo,684,6.5
2016,2,Nissan,635,6
2016,2,Audi,486,4.6
2016,2,BMW,474,4.5
2016,2,Mahindra,467,4.4
2016,2,Skoda,426,4
2016,2,Honda,405,3.8
2016,2,Mitsubishi,397,3.8
2016,2,Tata,381,3.6
2016,2,Suzuki,362,3.4
2016,2,MG,305,2.9
2016,2,Mercedes-Benz,291,2.8
2016,2,Ashok LeyLand,153,1.4
2016,2,Citroen,148,1.4
2016,2,Kia,133,1.3
2016,2,BYD,132,1.2
2016,2,Hyundai,128,1.2
2016,2,Renault,48,0.5
2016,2,MINI,41,0.4
2016,2,Jeep,39,0.4
2016,2,Eicher,26,0.2
2016,2,Chevrolet,21,0.2
2016,2,Datsun,20,0.2
2016,2,Fiat,19,0.2
2016,2,Land Rover,16,0.2
2016,2,Lexus,15,0.1
2016,2,BharatBenz,8,0.1
2016,2,Porsche,7,0.1
2016,2,Jaguar,6,0.1
2016,2,Chrysler,4,0
2016,2,Iveco,4,0
2016,2,Force Motors,2,0
2016,2,Ferrari,2,0
2016,2,Ssangyong,2,0
2016,2,Smart,1,0
2016,2,Cadillac,1,0
2016,2,Maserati,1,0
2016,3,Volkswagen,1503,15.8
2016,3,Toyota,1338,14.1
2016,3,Ford,713,7.5
2016,3,Mitsubishi,584,6.1
2016,3,Volvo,557,5.9
2016,3,MG,514,5.4
2016,3,Mahindra,502,5.3
2016,3,Audi,478,5
2016,3,Skoda,455,4.8
2016,3,Nissan,431,4.5
2016,3,BMW,379,4
2016,3,Tata,312,3.3
2016,3,Honda,293,3.1
2016,3,Suzuki,273,2.9
2016,3,Mercedes-Benz,243,2.6
2016,3,Hyundai,175,1.8
2016,3,Ashok LeyLand,163,1.7
2016,3,Kia,120,1.3
2016,3,BYD,106,1.1
2016,3,Citroen,105,1.1
2016,3,Renault,55,0.6
2016,3,Chevrolet,37,0.4
2016,3,MINI,28,0.3
2016,3,Jeep,28,0.3
2016,3,Eicher,25,0.3
2016,3,Land Rover,22,0.2
2016,3,Fiat,17,0.2
2016,3,Datsun,12,0.1
2016,3,Lexus,11,0.1
2016,3,BharatBenz,8,0.1
2016,3,Jaguar,8,0.1
2016,3,Porsche,2,0
2016,3,Smart,2,0
2016,3,Chrysler,1,0
2016,3,Force Motors,1,0
2016,3,Ssangyong,1,0
2016,3,Cadillac,1,0
2016,3,Aston Martin,1,0
2016,3,Bentley,1,0
2016,3,Lancia,1,0
2016,4,Volkswagen,1795,15.3
2016,4,Toyota,1528,13.1
2016,4,Ford,854,7.3
2016,4,Volvo,732,6.3
2016,4,Mahindra,662,5.7
2016,4,Audi,662,5.7
2016,4,Mitsubishi,620,5.3
2016,4,BMW,593,5.1
2016,4,Skoda,537,4.6
2016,4,Mercedes-Benz,480,4.1
2016,4,Nissan,456,3.9
2016,4,Tata,412,3.5
2016,4,Suzuki,367,3.1
2016,4,Honda,364,3.1
2016,4,MG,317,2.7
2016,4,Ashok LeyLand,240,2.1
2016,4,Hyundai,187,1.6
2016,4,BYD,178,1.5
2016,4,Citroen,170,1.5
2016,4,Renault,109,0.9
2016,4,Kia,86,0.7
2016,4,Fiat,72,0.6
2016,4,MINI,44,0.4
2016,4,Chevrolet,43,0.4
2016,4,Jeep,34,0.3
2016,4,Eicher,26,0.2
2016,4,Land Rover,24,0.2
2016,4,Jaguar,19,0.2
2016,4,Datsun,18,0.2
2016,4,Lexus,17,0.1
2016,4,Isuzu,13,0.1
2016,4,BharatBenz,9,0.1
2016,4,Smart,8,0.1
2016,4,Morgan,8,0.1
2016,4,Chrysler,6,0.1
2016,4,Force Motors,6,0.1
2016,4,Porsche,2,0
2016,4,Aston Martin,2,0
2016,4,Ssangyong,1,0
2016,4,Ferrari,1,0
2016,4,Maserati,1,0
2016,4,Isuzu,1,0
2016,5,Volkswagen,1402,13.7
2016,5,Toyota,1259,12.3
2016,5,Ford,984,9.6
2016,5,Volvo,724,7.1
2016,5,Mahindra,590,5.8
2016,5,Audi,569,5.6
2016,5,Nissan,474,4.6
2016,5,Skoda,466,4.6
2016,5,BMW,441,4.3
2016,5,Tata,437,4.3
2016,5,Mercedes-Benz,392,3.8
2016,5,MG,345,3.4
2016,5,Mitsubishi,321,3.1
2016,5,Suzuki,304,3
2016,5,Honda,302,3
2016,5,Citroen,217,2.1
2016,5,Ashok LeyLand,199,1.9
2016,5,BYD,175,1.7
2016,5,Hyundai,155,1.5
2016,5,Kia,107,1
2016,5,Fiat,74,0.7
2016,5,Renault,67,0.7
2016,5,Chevrolet,30,0.3
2016,5,Jeep,25,0.2
2016,5,Jaguar,25,0.2
2016,5,MINI,22,0.2
2016,5,Eicher,22,0.2
2016,5,Land Rover,21,0.2
2016,5,Datsun,19,0.2
2016,5,Lexus,14,0.1
2016,5,Chrysler,7,0.1
2016,5,Isuzu,7,0.1
2016,5,Smart,6,0.1
2016,5,BharatBenz,4,0
2016,5,Porsche,3,0
2016,5,Force Motors,2,0
2016,5,Ssangyong,2,0
2016,5,Maserati,2,0
2016,5,Morgan,1,0
2016,5,Koenigsegg,1,0
2016,6,Volkswagen,1182,12.2
2016,6,Toyota,1141,11.8
2016,6,Ford,898,9.3
2016,6,Audi,693,7.2
2016,6,Volvo,672,6.9
2016,6,BMW,593,6.1
2016,6,Nissan,476,4.9
2016,6,Mahindra,427,4.4
2016,6,Tata,399,4.1
2016,6,Skoda,370,3.8
2016,6,MG,346,3.6
2016,6,Honda,337,3.5
2016,6,Mercedes-Benz,329,3.4
2016,6,Mitsubishi,283,2.9
2016,6,Suzuki,264,2.7
2016,6,Citroen,253,2.6
2016,6,Ashok LeyLand,217,2.2
2016,6,BYD,170,1.8
2016,6,Hyundai,150,1.6
2016,6,Kia,107,1.1
2016,6,Fiat,67,0.7
2016,6,Renault,62,0.6
2016,6,Datsun,40,0.4
2016,6,MINI,35,0.4
2016,6,Chevrolet,28,0.3
2016,6,Jeep,19,0.2
2016,6,Eicher,19,0.2
2016,6,Land Rover,19,0.2
2016,6,Lexus,18,0.2
2016,6,Jaguar,16,0.2
2016,6,BharatBenz,11,0.1
2016,6,Isuzu,6,0.1
2016,6,Iveco,6,0.1
2016,6,Smart,4,0
2016,6,Chrysler,3,0
2016,6,Porsche,3,0
2016,6,Ssangyong,2,0
2016,6,Aston Martin,2,0
2016,6,Cadillac,2,0
2016,6,Morgan,1,0
2016,7,Toyota,1315,13.7
2016,7,Volkswagen,1203,12.5
2016,7,Ford,1056,11
2016,7,Volvo,601,6.3
2016,7,Audi,594,6.2
2016,7,Mahindra,581,6
2016,7,Tata,472,4.9
2016,7,Nissan,400,4.2
2016,7,BMW,386,4
2016,7,MG,362,3.8
2016,7,Skoda,322,3.4
2016,7,Mitsubishi,290,3
2016,7,Honda,283,2.9
2016,7,Suzuki,276,2.9
2016,7,Mercedes-Benz,275,2.9
2016,7,Ashok LeyLand,206,2.1
2016,7,Citroen,179,1.9
2016,7,Hyundai,162,1.7
2016,7,BYD,141,1.5
2016,7,Kia,106,1.1
2016,7,Renault,86,0.9
2016,7,Iveco,52,0.5
2016,7,Datsun,42,0.4
2016,7,Fiat,37,0.4
2016,7,Jeep,35,0.4
2016,7,MINI,33,0.3
2016,7,Chevrolet,28,0.3
2016,7,Lexus,15,0.2
2016,7,Jaguar,15,0.2
2016,7,BharatBenz,15,0.2
2016,7,Eicher,9,0.1
2016,7,Land Rover,9,0.1
2016,7,Chrysler,5,0.1
2016,7,Ssangyong,4,0
2016,7,Smart,2,0
2016,7,Porsche,2,0
2016,7,Force Motors,2,0
2016,7,Morgan,2,0
2016,7,Isuzu,1,0
2016,7,Maserati,1,0
2016,8,Volkswagen,1432,18.3
2016,8,Toyota,1002,12.8
2016,8,Ford,658,8.4
2016,8,Audi,574,7.3
2016,8,Mahindra,457,5.8
2016,8,MG,347,4.4
2016,8,Skoda,327,4.2
2016,8,Honda,312,4
2016,8,Mercedes-Benz,295,3.8
2016,8,Nissan,279,3.6
2016,8,BMW,278,3.5
2016,8,Tata,271,3.5
2016,8,Volvo,270,3.4
2016,8,Mitsubishi,251,3.2
2016,8,Suzuki,206,2.6
2016,8,Ashok LeyLand,152,1.9
2016,8,Citroen,134,1.7
2016,8,Hyundai,111,1.4
2016,8,BYD,73,0.9
2016,8,Kia,59,0.8
2016,8,Fiat,57,0.7
2016,8,Datsun,49,0.6
2016,8,Renault,46,0.6
2016,8,Iveco,38,0.5
2016,8,MINI,30,0.4
2016,8,Chevrolet,26,0.3
2016,8,Jeep,23,0.3
2016,8,Eicher,19,0.2
2016,8,Lexus,14,0.2
2016,8,Land Rover,12,0.2
2016,8,BharatBenz,11,0.1
2016,8,Porsche,6,0.1
2016,8,Jaguar,4,0.1
2016,8,Chrysler,4,0.1
2016,8,Smart,4,0.1
2016,8,Isuzu,1,0
2016,8,Morgan,1,0
2016,9,Toyota,1250,14.8
2016,9,Volkswagen,1229,14.5
2016,9,Ford,764,9
2016,9,Audi,545,6.4
2016,9,Volvo,457,5.4
2016,9,Honda,394,4.7
2016,9,Mahindra,383,4.5
2016,9,BMW,371,4.4
2016,9,MG,359,4.2
2016,9,Nissan,319,3.8
2016,9,Skoda,306,3.6
2016,9,Tata,302,3.6
2016,9,Mitsubishi,287,3.4
2016,9,Mercedes-Benz,278,3.3
2016,9,Hyundai,212,2.5
2016,9,Suzuki,207,2.4
2016,9,Ashok LeyLand,197,2.3
2016,9,BYD,132,1.6
2016,9,Citroen,121,1.4
2016,9,Kia,73,0.9
2016,9,Fiat,47,0.6
2016,9,Renault,38,0.4
2016,9,Datsun,30,0.4
2016,9,Chevrolet,28,0.3
2016,9,MINI,27,0.3
2016,9,Jeep,24,0.3
2016,9,Lexus,18,0.2
2016,9,Eicher,17,0.2
2016,9,Land Rover,9,0.1
2016,9,Chrysler,9,0.1
2016,9,Jaguar,4,0
2016,9,BharatBenz,4,0
2016,9,Smart,3,0
2016,9,Isuzu,3,0
2016,9,Ssangyong,2,0
2016,9,Isuzu,1,0
2016,9,Porsche,1,0
2016,9,Cadillac,1,0
2016,9,Lancia,1,0
2016,10,Volkswagen,1442,17.2
2016,10,Toyota,1247,14.9
2016,10,Ford,701,8.4
2016,10,Audi,578,6.9
2016,10,Volvo,472,5.6
2016,10,Mahindra,449,5.4
2016,10,BMW,395,4.7
2016,10,Nissan,346,4.1
2016,10,Skoda,283,3.4
2016,10,MG,275,3.3
2016,10,Mercedes-Benz,260,3.1
2016,10,Ashok LeyLand,245,2.9
2016,10,Tata,241,2.9
2016,10,Suzuki,231,2.8
2016,10,Mitsubishi,214,2.6
2016,10,Honda,214,2.6
2016,10,Hyundai,146,1.7
2016,10,Citroen,142,1.7
2016,10,BYD,116,1.4
2016,10,Kia,76,0.9
2016,10,Fiat,61,0.7
2016,10,Renault,54,0.6
2016,10,MINI,37,0.4
2016,10,Chevrolet,26,0.3
2016,10,Datsun,25,0.3
2016,10,Lexus,19,0.2
2016,10,Chrysler,18,0.2
2016,10,Land Rover,17,0.2
2016,10,Eicher,15,0.2
2016,10,Jeep,10,0.1
2016,10,Porsche,10,0.1
2016,10,BharatBenz,9,0.1
2016,10,Jaguar,7,0.1
2016,10,Smart,3,0
2016,10,Ssangyong,3,0
2016,10,Isuzu,2,0
2016,10,Lancia,1,0
2016,11,Volkswagen,1306,18.8
2016,11,Toyota,760,10.9
2016,11,Ford,639,9.2
2016,11,Audi,522,7.5
2016,11,Volvo,478,6.9
2016,11,Mahindra,333,4.8
2016,11,Mercedes-Benz,302,4.3
2016,11,Nissan,293,4.2
2016,11,BMW,262,3.8
2016,11,Ashok LeyLand,255,3.7
2016,11,Skoda,252,3.6
2016,11,Tata,230,3.3
2016,11,Honda,211,3
2016,11,MG,209,3
2016,11,Mitsubishi,206,3
2016,11,Suzuki,160,2.3
2016,11,Hyundai,120,1.7
2016,11,Citroen,108,1.6
2016,11,BYD,65,0.9
2016,11,Kia,54,0.8
2016,11,Fiat,42,0.6
2016,11,Datsun,27,0.4
2016,11,Renault,24,0.3
2016,11,Chevrolet,18,0.3
2016,11,MINI,12,0.2
2016,11,Iveco,11,0.2
2016,11,Land Rover,10,0.1
2016,11,Jeep,9,0.1
2016,11,Eicher,8,0.1
2016,11,BharatBenz,7,0.1
2016,11,Lexus,5,0.1
2016,11,Chrysler,4,0.1
2016,11,Jaguar,3,0
2016,11,Smart,2,0
2016,11,Porsche,2,0
2016,11,Isuzu,1,0
2016,11,Ferrari,1,0
2016,11,Lancia,1,0
2016,12,Volkswagen,1256,16.1
2016,12,Toyota,876,11.2
2016,12,Ford,848,10.8
2016,12,Volvo,714,9.1
2016,12,Audi,625,8
2016,12,BMW,423,5.4
2016,12,Honda,340,4.3
2016,12,Skoda,317,4.1
2016,12,Ashok LeyLand,315,4
2016,12,Mercedes-Benz,294,3.8
2016,12,Nissan,259,3.3
2016,12,Mitsubishi,237,3
2016,12,Suzuki,181,2.3
2016,12,Tata,179,2.3
2016,12,MG,175,2.2
2016,12,Mahindra,173,2.2
2016,12,Citroen,119,1.5
2016,12,BYD,92,1.2
2016,12,Hyundai,91,1.2
2016,12,Iveco,66,0.8
2016,12,Fiat,45,0.6
2016,12,Renault,39,0.5
2016,12,Kia,27,0.3
2016,12,Datsun,25,0.3
2016,12,Land Rover,14,0.2
2016,12,MINI,10,0.1
2016,12,Chevrolet,10,0.1
2016,12,Jeep,10,0.1
2016,12,Isuzu,10,0.1
2016,12,Jaguar,8,0.1
2016,12,Lexus,7,0.1
2016,12,BharatBenz,7,0.1
2016,12,Smart,7,0.1
2016,12,Porsche,6,0.1
2016,12,Eicher,4,0.1
2016,12,Chrysler,4,0.1
2016,12,Force Motors,2,0
2016,12,Lancia,2,0
2016,12,Ferrari,1,0
2016,12,Lamborghini,1,0
2017,1,Toyota,946,17.7
2017,1,Volkswagen,725,13.5
2017,1,Ford,533,10
2017,1,Volvo,347,6.5
2017,1,Mahindra,320,6
2017,1,Tata,303,5.7
2017,1,Audi,221,4.1
2017,1,Hyundai,202,3.8
2017,1,Nissan,197,3.7
2017,1,Skoda,192,3.6
2017,1,MG,182,3.4
2017,1,Ashok LeyLand,164,3.1
2017,1,BMW,159,3
2017,1,Mercedes-Benz,144,2.7
2017,1,Suzuki,139,2.6
2017,1,Honda,138,2.6
2017,1,Mitsubishi,126,2.4
2017,1,Citroen,97,1.8
2017,1,BYD,36,0.7
2017,1,Fiat,34,0.6
2017,1,Kia,31,0.6
2017,1,Renault,28,0.5
2017,1,MINI,17,0.3
2017,1,Datsun,14,0.3
2017,1,Smart,12,0.2
2017,1,Lexus,10,0.2
2017,1,Eicher,7,0.1
2017,1,Jeep,7,0.1
2017,1,BharatBenz,6,0.1
2017,1,Chevrolet,4,0.1
2017,1,Land Rover,4,0.1
2017,1,Force Motors,3,0.1
2017,1,Jaguar,2,0
2017,1,Chrysler,1,0
2017,1,Morgan,1,0
2017,1,Ssangyong,1,0
2017,2,Volkswagen,921,14.6
2017,2,Toyota,893,14.2
2017,2,Ford,527,8.4
2017,2,Audi,325,5.2
2017,2,Volvo,309,4.9
2017,2,Honda,303,4.8
2017,2,Skoda,292,4.6
2017,2,BMW,292,4.6
2017,2,Mahindra,291,4.6
2017,2,Tata,247,3.9
2017,2,MG,246,3.9
2017,2,Nissan,243,3.9
2017,2,Hyundai,208,3.3
2017,2,Mitsubishi,208,3.3
2017,2,Ashok LeyLand,202,3.2
2017,2,Mercedes-Benz,140,2.2
2017,2,Suzuki,130,2.1
2017,2,Citroen,123,2
2017,2,Renault,82,1.3
2017,2,BYD,48,0.8
2017,2,Kia,46,0.7
2017,2,Fiat,40,0.6
2017,2,Lexus,40,0.6
2017,2,Iveco,29,0.5
2017,2,Datsun,20,0.3
2017,2,Chevrolet,18,0.3
2017,2,Land Rover,18,0.3
2017,2,MINI,11,0.2
2017,2,Jeep,6,0.1
2017,2,Chrysler,6,0.1
2017,2,Smart,5,0.1
2017,2,Isuzu,5,0.1
2017,2,Force Motors,4,0.1
2017,2,Jaguar,4,0.1
2017,2,Eicher,3,0
2017,2,BharatBenz,2,0
2017,3,Toyota,1021,13.4
2017,3,Volkswagen,909,12
2017,3,Ford,698,9.2
2017,3,Honda,454,6
2017,3,MG,450,5.9
2017,3,Tata,381,5
2017,3,Mahindra,361,4.7
2017,3,Skoda,337,4.4
2017,3,Volvo,332,4.4
2017,3,BMW,330,4.3
2017,3,Audi,323,4.2
2017,3,Hyundai,317,4.2
2017,3,Mitsubishi,276,3.6
2017,3,Nissan,271,3.6
2017,3,Mercedes-Benz,248,3.3
2017,3,Ashok LeyLand,247,3.2
2017,3,Citroen,179,2.4
2017,3,Suzuki,120,1.6
2017,3,Renault,63,0.8
2017,3,Kia,60,0.8
2017,3,Fiat,46,0.6
2017,3,BYD,34,0.4
2017,3,Iveco,29,0.4
2017,3,Jeep,27,0.4
2017,3,Chevrolet,13,0.2
2017,3,Datsun,12,0.2
2017,3,MINI,12,0.2
2017,3,Land Rover,12,0.2
2017,3,Lexus,10,0.1
2017,3,BharatBenz,9,0.1
2017,3,Eicher,6,0.1
2017,3,Force Motors,4,0.1
2017,3,Smart,2,0
2017,3,Chrysler,2,0
2017,3,Jaguar,2,0
2017,3,Porsche,2,0
2017,3,Morgan,1,0
2017,3,Cadillac,1,0
2017,4,Volkswagen,1207,16.1
2017,4,Toyota,993,13.2
2017,4,Ford,608,8.1
2017,4,Mahindra,479,6.4
2017,4,Volvo,434,5.8
2017,4,Skoda,406,5.4
2017,4,Audi,389,5.2
2017,4,Tata,370,4.9
2017,4,Honda,328,4.4
2017,4,BMW,278,3.7
2017,4,Nissan,266,3.5
2017,4,Hyundai,244,3.3
2017,4,Mercedes-Benz,215,2.9
2017,4,MG,214,2.9
2017,4,Ashok LeyLand,190,2.5
2017,4,Citroen,180,2.4
2017,4,Mitsubishi,170,2.3
2017,4,Suzuki,164,2.2
2017,4,Renault,89,1.2
2017,4,Fiat,49,0.7
2017,4,Kia,34,0.5
2017,4,BYD,32,0.4
2017,4,MINI,30,0.4
2017,4,Datsun,27,0.4
2017,4,Chevrolet,18,0.2
2017,4,Iveco,14,0.2
2017,4,Jeep,14,0.2
2017,4,Land Rover,14,0.2
2017,4,Lexus,11,0.1
2017,4,Jaguar,11,0.1
2017,4,Smart,10,0.1
2017,4,Eicher,4,0.1
2017,4,BharatBenz,3,0
2017,4,Morgan,3,0
2017,4,Chrysler,2,0
2017,4,Force Motors,1,0
2017,4,Porsche,1,0
2017,4,Cadillac,1,0
2017,4,Ssangyong,1,0
2017,5,Volkswagen,1094,14.7
2017,5,Toyota,1056,14.2
2017,5,Ford,661,8.9
2017,5,Tata,426,5.7
2017,5,Skoda,425,5.7
2017,5,Audi,416,5.6
2017,5,BMW,389,5.2
2017,5,Volvo,379,5.1
2017,5,Mahindra,339,4.6
2017,5,Mercedes-Benz,279,3.8
2017,5,Honda,271,3.7
2017,5,Hyundai,257,3.5
2017,5,Nissan,235,3.2
2017,5,Ashok LeyLand,218,2.9
2017,5,Citroen,171,2.3
2017,5,MG,142,1.9
2017,5,Mitsubishi,138,1.9
2017,5,Suzuki,124,1.7
2017,5,Fiat,116,1.6
2017,5,Renault,56,0.8
2017,5,Kia,47,0.6
2017,5,BYD,42,0.6
2017,5,MINI,29,0.4
2017,5,Datsun,23,0.3
2017,5,Chevrolet,20,0.3
2017,5,Jeep,15,0.2
2017,5,Lexus,13,0.2
2017,5,Smart,8,0.1
2017,5,Land Rover,7,0.1
2017,5,BharatBenz,7,0.1
2017,5,Porsche,6,0.1
2017,5,Force Motors,3,0
2017,5,Eicher,2,0
2017,5,Jaguar,2,0
2017,5,Chrysler,2,0
2017,5,Iveco,1,0
2017,5,Isuzu,1,0
2017,5,Ssangyong,1,0
2017,6,Volkswagen,965,12.7
2017,6,Toyota,888,11.7
2017,6,Ford,845,11.1
2017,6,Volvo,590,7.8
2017,6,Audi,488,6.4
2017,6,Tata,432,5.7
2017,6,BMW,383,5.1
2017,6,Mercedes-Benz,322,4.2
2017,6,MG,314,4.1
2017,6,Mahindra,308,4.1
2017,6,Skoda,280,3.7
2017,6,Nissan,267,3.5
2017,6,Hyundai,257,3.4
2017,6,Ashok LeyLand,229,3
2017,6,Honda,226,3
2017,6,Citroen,172,2.3
2017,6,Mitsubishi,147,1.9
2017,6,Suzuki,119,1.6
2017,6,Fiat,83,1.1
2017,6,Renault,61,0.8
2017,6,Kia,51,0.7
2017,6,BYD,30,0.4
2017,6,MINI,25,0.3
2017,6,Datsun,24,0.3
2017,6,Chevrolet,15,0.2
2017,6,Jeep,9,0.1
2017,6,BharatBenz,7,0.1
2017,6,Jaguar,7,0.1
2017,6,Lexus,6,0.1
2017,6,Smart,6,0.1
2017,6,Force Motors,6,0.1
2017,6,Chrysler,5,0.1
2017,6,Porsche,5,0.1
2017,6,Eicher,4,0.1
2017,6,Iveco,2,0
2017,6,Land Rover,2,0
2017,6,Ferrari,1,0
2017,7,Volkswagen,1356,14.4
2017,7,Toyota,1353,14.4
2017,7,Volvo,900,9.6
2017,7,Ford,824,8.8
2017,7,Audi,593,6.3
2017,7,Tata,424,4.5
2017,7,Mercedes-Benz,414,4.4
2017,7,Nissan,413,4.4
2017,7,Mahindra,408,4.3
2017,7,BMW,378,4
2017,7,Hyundai,360,3.8
2017,7,Honda,327,3.5
2017,7,Skoda,313,3.3
2017,7,MG,238,2.5
2017,7,Mitsubishi,193,2.1
2017,7,Suzuki,171,1.8
2017,7,Ashok LeyLand,158,1.7
2017,7,Citroen,150,1.6
2017,7,Fiat,121,1.3
2017,7,Kia,65,0.7
2017,7,MINI,46,0.5
2017,7,Renault,35,0.4
2017,7,BYD,33,0.4
2017,7,Chevrolet,25,0.3
2017,7,Datsun,24,0.3
2017,7,Lexus,12,0.1
2017,7,Smart,12,0.1
2017,7,Jeep,11,0.1
2017,7,Land Rover,8,0.1
2017,7,Jaguar,7,0.1
2017,7,Iveco,6,0.1
2017,7,BharatBenz,5,0.1
2017,7,Eicher,3,0
2017,7,Porsche,3,0
2017,7,Morgan,2,0
2017,7,Chrysler,1,0
2017,7,Isuzu,1,0
2017,7,Ferrari,1,0
2017,8,Toyota,1482,18.6
2017,8,Volkswagen,1174,14.7
2017,8,Ford,552,6.9
2017,8,Audi,513,6.4
2017,8,Nissan,413,5.2
2017,8,BMW,377,4.7
2017,8,Mercedes-Benz,364,4.6
2017,8,Mahindra,359,4.5
2017,8,Volvo,321,4
2017,8,Hyundai,303,3.8
2017,8,Skoda,302,3.8
2017,8,Mitsubishi,277,3.5
2017,8,Tata,264,3.3
2017,8,MG,225,2.8
2017,8,Honda,215,2.7
2017,8,Citroen,189,2.4
2017,8,Ashok LeyLand,147,1.8
2017,8,Suzuki,137,1.7
2017,8,Fiat,97,1.2
2017,8,Kia,50,0.6
2017,8,Renault,43,0.5
2017,8,Lexus,26,0.3
2017,8,BYD,24,0.3
2017,8,MINI,24,0.3
2017,8,Chevrolet,21,0.3
2017,8,Datsun,15,0.2
2017,8,Jeep,13,0.2
2017,8,Iveco,8,0.1
2017,8,Land Rover,8,0.1
2017,8,BharatBenz,7,0.1
2017,8,Smart,6,0.1
2017,8,Porsche,4,0.1
2017,8,Jaguar,2,0
2017,8,Eicher,2,0
2017,8,Ferrari,2,0
2017,8,Chrysler,1,0
2017,9,Toyota,1697,17.8
2017,9,Volkswagen,1358,14.2
2017,9,Ford,956,10
2017,9,Volvo,767,8
2017,9,BMW,447,4.7
2017,9,Audi,422,4.4
2017,9,Nissan,406,4.3
2017,9,Mercedes-Benz,372,3.9
2017,9,Mahindra,370,3.9
2017,9,Skoda,342,3.6
2017,9,MG,337,3.5
2017,9,Tata,284,3
2017,9,Hyundai,283,3
2017,9,Mitsubishi,273,2.9
2017,9,Ashok LeyLand,266,2.8
2017,9,Honda,227,2.4
2017,9,Suzuki,219,2.3
2017,9,Fiat,134,1.4
2017,9,Citroen,119,1.2
2017,9,Renault,45,0.5
2017,9,Kia,41,0.4
2017,9,MINI,33,0.3
2017,9,Datsun,26,0.3
2017,9,BYD,21,0.2
2017,9,Chevrolet,14,0.1
2017,9,Jeep,13,0.1
2017,9,Lexus,12,0.1
2017,9,Land Rover,11,0.1
2017,9,Smart,9,0.1
2017,9,Jaguar,7,0.1
2017,9,Porsche,5,0.1
2017,9,NA,4,0
2017,9,Eicher,3,0
2017,9,Chrysler,3,0
2017,9,BharatBenz,1,0
2017,9,Force Motors,1,0
2017,9,Ssangyong,1,0
2017,9,Seat,1,0
2017,10,Toyota,1709,16.8
2017,10,Volkswagen,1458,14.3
2017,10,Ford,1045,10.3
2017,10,Volvo,765,7.5
2017,10,Mahindra,590,5.8
2017,10,Audi,510,5
2017,10,Skoda,463,4.5
2017,10,BMW,450,4.4
2017,10,Mercedes-Benz,434,4.3
2017,10,Nissan,399,3.9
2017,10,Tata,360,3.5
2017,10,Hyundai,354,3.5
2017,10,Honda,282,2.8
2017,10,Ashok LeyLand,221,2.2
2017,10,Citroen,203,2
2017,10,MG,196,1.9
2017,10,Suzuki,155,1.5
2017,10,Mitsubishi,127,1.2
2017,10,Kia,104,1
2017,10,Fiat,103,1
2017,10,Renault,68,0.7
2017,10,BYD,62,0.6
2017,10,MINI,33,0.3
2017,10,Jeep,17,0.2
2017,10,Datsun,15,0.1
2017,10,Lexus,15,0.1
2017,10,Chevrolet,10,0.1
2017,10,Jaguar,7,0.1
2017,10,Land Rover,6,0.1
2017,10,Porsche,5,0
2017,10,Eicher,4,0
2017,10,NA,4,0
2017,10,Tesla,4,0
2017,10,Smart,3,0
2017,10,Lancia,2,0
2017,10,Chrysler,1,0
2017,10,Ssangyong,1,0
2017,10,Cadillac,1,0
2017,10,Isuzu,1,0
2017,11,Volkswagen,1529,15.9
2017,11,Toyota,1450,15.1
2017,11,Ford,1142,11.9
2017,11,Volvo,956,10
2017,11,Audi,549,5.7
2017,11,BMW,424,4.4
2017,11,Skoda,408,4.3
2017,11,Mahindra,403,4.2
2017,11,Nissan,373,3.9
2017,11,Mercedes-Benz,352,3.7
2017,11,Ashok LeyLand,291,3
2017,11,Tata,245,2.6
2017,11,MG,227,2.4
2017,11,Hyundai,218,2.3
2017,11,Mitsubishi,213,2.2
2017,11,Suzuki,174,1.8
2017,11,Citroen,162,1.7
2017,11,Honda,114,1.2
2017,11,Fiat,98,1
2017,11,Kia,59,0.6
2017,11,Renault,56,0.6
2017,11,BYD,32,0.3
2017,11,Chevrolet,25,0.3
2017,11,MINI,21,0.2
2017,11,Datsun,17,0.2
2017,11,Lexus,16,0.2
2017,11,Jeep,13,0.1
2017,11,Jaguar,13,0.1
2017,11,Land Rover,9,0.1
2017,11,Porsche,5,0.1
2017,11,BharatBenz,4,0
2017,11,Smart,2,0
2017,12,Volkswagen,1571,15.3
2017,12,Ford,1413,13.8
2017,12,Volvo,1217,11.9
2017,12,Toyota,1117,10.9
2017,12,Audi,677,6.6
2017,12,BMW,551,5.4
2017,12,Mercedes-Benz,493,4.8
2017,12,Skoda,446,4.4
2017,12,Mitsubishi,394,3.8
2017,12,Ashok LeyLand,335,3.3
2017,12,Nissan,296,2.9
2017,12,Tata,256,2.5
2017,12,MG,252,2.5
2017,12,Citroen,235,2.3
2017,12,Suzuki,180,1.8
2017,12,Honda,174,1.7
2017,12,Mahindra,173,1.7
2017,12,Hyundai,136,1.3
2017,12,Renault,53,0.5
2017,12,Fiat,48,0.5
2017,12,Kia,43,0.4
2017,12,Chevrolet,39,0.4
2017,12,Land Rover,28,0.3
2017,12,BYD,26,0.3
2017,12,Datsun,23,0.2
2017,12,MINI,20,0.2
2017,12,Jeep,15,0.1
2017,12,Jaguar,10,0.1
2017,12,Porsche,9,0.1
2017,12,Chrysler,5,0
2017,12,Lexus,4,0
2017,12,Iveco,4,0
2017,12,Ssangyong,3,0
2017,12,Smart,2,0
2017,12,Tesla,1,0
2017,12,Lancia,1,0
2018,1,Toyota,1894,19.5
2018,1,Volkswagen,1524,15.7
2018,1,Ford,849,8.8
2018,1,Mahindra,842,8.7
2018,1,Volvo,652,6.7
2018,1,Skoda,442,4.6
2018,1,Audi,432,4.5
2018,1,Nissan,342,3.5
2018,1,Mercedes-Benz,328,3.4
2018,1,Tata,315,3.2
2018,1,Suzuki,303,3.1
2018,1,BMW,260,2.7
2018,1,Hyundai,242,2.5
2018,1,Citroen,206,2.1
2018,1,MG,187,1.9
2018,1,Ashok LeyLand,161,1.7
2018,1,Honda,127,1.3
2018,1,Mitsubishi,126,1.3
2018,1,Fiat,107,1.1
2018,1,Kia,94,1
2018,1,Renault,88,0.9
2018,1,BharatBenz,63,0.6
2018,1,Lexus,29,0.3
2018,1,MINI,22,0.2
2018,1,BYD,20,0.2
2018,1,Datsun,15,0.2
2018,1,Chevrolet,6,0.1
2018,1,Jaguar,5,0.1
2018,1,Jeep,4,0
2018,1,Land Rover,3,0
2018,1,Smart,3,0
2018,1,Eicher,2,0
2018,1,Cadillac,1,0
2018,1,Chrysler,1,0
2018,1,Lancia,1,0
2018,1,Porsche,1,0
2018,2,Volkswagen,1411,15.5
2018,2,Toyota,1287,14.2
2018,2,Volvo,842,9.3
2018,2,Ford,602,6.6
2018,2,Skoda,554,6.1
2018,2,Mahindra,500,5.5
2018,2,BMW,416,4.6
2018,2,Audi,411,4.5
2018,2,Mercedes-Benz,342,3.8
2018,2,Nissan,332,3.7
2018,2,Mitsubishi,308,3.4
2018,2,Tata,283,3.1
2018,2,Suzuki,264,2.9
2018,2,Hyundai,263,2.9
2018,2,Ashok LeyLand,244,2.7
2018,2,Honda,200,2.2
2018,2,Citroen,196,2.2
2018,2,MG,193,2.1
2018,2,Fiat,116,1.3
2018,2,Kia,96,1.1
2018,2,Renault,67,0.7
2018,2,BharatBenz,49,0.5
2018,2,MINI,32,0.4
2018,2,BYD,23,0.3
2018,2,Datsun,15,0.2
2018,2,Lexus,10,0.1
2018,2,Land Rover,8,0.1
2018,2,Eicher,7,0.1
2018,2,Jaguar,5,0.1
2018,2,Jeep,5,0.1
2018,2,Smart,5,0.1
2018,2,Porsche,4,0
2018,2,Chevrolet,2,0
2018,2,Isuzu,1,0
2018,2,Iveco,1,0
2018,3,Volkswagen,1585,13.8
2018,3,Toyota,1474,12.8
2018,3,Ford,989,8.6
2018,3,Volvo,936,8.1
2018,3,Mahindra,704,6.1
2018,3,Audi,587,5.1
2018,3,Skoda,566,4.9
2018,3,Tata,501,4.4
2018,3,Hyundai,493,4.3
2018,3,Nissan,476,4.1
2018,3,BMW,453,3.9
2018,3,MG,423,3.7
2018,3,Mercedes-Benz,361,3.1
2018,3,Mitsubishi,336,2.9
2018,3,Citroen,287,2.5
2018,3,Ashok LeyLand,270,2.4
2018,3,Honda,260,2.3
2018,3,Suzuki,195,1.7
2018,3,Fiat,161,1.4
2018,3,Kia,153,1.3
2018,3,Renault,67,0.6
2018,3,MINI,49,0.4
2018,3,BharatBenz,47,0.4
2018,3,Iveco,39,0.3
2018,3,Lexus,17,0.1
2018,3,BYD,14,0.1
2018,3,Eicher,11,0.1
2018,3,Land Rover,9,0.1
2018,3,Datsun,7,0.1
2018,3,Porsche,6,0.1
2018,3,Jeep,3,0
2018,3,Chevrolet,2,0
2018,3,Smart,1,0
2018,3,Cadillac,1,0
2018,3,Morgan,1,0
2018,3,Tata,1,0
2018,3,Tesla,1,0
2018,4,Volkswagen,1906,17.9
2018,4,Toyota,1280,12
2018,4,Volvo,868,8.1
2018,4,Audi,774,7.2
2018,4,Mahindra,628,5.9
2018,4,Skoda,612,5.7
2018,4,Ford,567,5.3
2018,4,Nissan,471,4.4
2018,4,BMW,413,3.9
2018,4,Tata,404,3.8
2018,4,Hyundai,365,3.4
2018,4,Mitsubishi,356,3.3
2018,4,Mercedes-Benz,347,3.2
2018,4,Suzuki,278,2.6
2018,4,Ashok LeyLand,275,2.6
2018,4,Honda,233,2.2
2018,4,Citroen,218,2
2018,4,MG,212,2
2018,4,Kia,117,1.1
2018,4,Renault,92,0.9
2018,4,Fiat,84,0.8
2018,4,Iveco,40,0.4
2018,4,MINI,27,0.3
2018,4,Lexus,24,0.2
2018,4,BYD,17,0.2
2018,4,BharatBenz,15,0.1
2018,4,Eicher,12,0.1
2018,4,Land Rover,12,0.1
2018,4,Datsun,8,0.1
2018,4,Morgan,4,0
2018,4,Jeep,3,0
2018,4,Porsche,3,0
2018,4,Chevrolet,3,0
2018,4,Jaguar,3,0
2018,4,Tesla,2,0
2018,4,Ssangyong,2,0
2018,4,Cadillac,1,0
2018,4,Chrysler,1,0
2018,5,Volkswagen,1591,16.1
2018,5,Toyota,1213,12.3
2018,5,Ford,844,8.5
2018,5,Volvo,728,7.4
2018,5,Audi,617,6.2
2018,5,Mahindra,506,5.1
2018,5,Skoda,500,5.1
2018,5,BMW,489,4.9
2018,5,Nissan,440,4.4
2018,5,Mercedes-Benz,373,3.8
2018,5,Tata,342,3.5
2018,5,Mitsubishi,320,3.2
2018,5,Hyundai,304,3.1
2018,5,MG,267,2.7
2018,5,Citroen,240,2.4
2018,5,Suzuki,214,2.2
2018,5,Ashok LeyLand,211,2.1
2018,5,Honda,168,1.7
2018,5,Kia,150,1.5
2018,5,Fiat,141,1.4
2018,5,Renault,65,0.7
2018,5,Iveco,40,0.4
2018,5,MINI,35,0.4
2018,5,Lexus,20,0.2
2018,5,BharatBenz,19,0.2
2018,5,BYD,14,0.1
2018,5,Land Rover,7,0.1
2018,5,Smart,7,0.1
2018,5,Datsun,5,0.1
2018,5,Eicher,5,0.1
2018,5,Porsche,5,0.1
2018,5,Jaguar,5,0.1
2018,5,Chrysler,4,0
2018,5,Aston Martin,3,0
2018,5,Chevrolet,2,0
2018,5,Morgan,1,0
2018,5,Ferrari,1,0
2018,6,Toyota,1488,13.4
2018,6,Volkswagen,1425,12.8
2018,6,Ford,1241,11.2
2018,6,Volvo,882,7.9
2018,6,Audi,535,4.8
2018,6,Skoda,534,4.8
2018,6,Mahindra,528,4.7
2018,6,BMW,515,4.6
2018,6,Tata,488,4.4
2018,6,Nissan,479,4.3
2018,6,Hyundai,464,4.2
2018,6,Citroen,407,3.7
2018,6,Mercedes-Benz,356,3.2
2018,6,Mitsubishi,325,2.9
2018,6,Honda,290,2.6
2018,6,Ashok LeyLand,253,2.3
2018,6,MG,198,1.8
2018,6,Suzuki,178,1.6
2018,6,Kia,140,1.3
2018,6,Fiat,102,0.9
2018,6,Renault,73,0.7
2018,6,MINI,34,0.3
2018,6,BharatBenz,26,0.2
2018,6,Porsche,22,0.2
2018,6,Lexus,20,0.2
2018,6,BYD,19,0.2
2018,6,Land Rover,18,0.2
2018,6,Isuzu,15,0.1
2018,6,Iveco,13,0.1
2018,6,Jaguar,12,0.1
2018,6,Eicher,8,0.1
2018,6,Smart,8,0.1
2018,6,Datsun,7,0.1
2018,6,Morgan,4,0
2018,6,Tesla,4,0
2018,6,Chevrolet,3,0
2018,6,Aston Martin,3,0
2018,6,Bentley,1,0
2018,6,Chevrolet US,1,0
2018,7,Volkswagen,1916,16.7
2018,7,Toyota,1694,14.7
2018,7,Volvo,1018,8.8
2018,7,Ford,1013,8.8
2018,7,Audi,659,5.7
2018,7,Mahindra,635,5.5
2018,7,Skoda,622,5.4
2018,7,Hyundai,472,4.1
2018,7,BMW,442,3.8
2018,7,Nissan,410,3.6
2018,7,Mercedes-Benz,372,3.2
2018,7,Tata,341,3
2018,7,Mitsubishi,297,2.6
2018,7,Ashok LeyLand,279,2.4
2018,7,Citroen,251,2.2
2018,7,Suzuki,248,2.2
2018,7,MG,205,1.8
2018,7,Kia,153,1.3
2018,7,Honda,140,1.2
2018,7,Fiat,89,0.8
2018,7,Renault,59,0.5
2018,7,BharatBenz,56,0.5
2018,7,BYD,34,0.3
2018,7,MINI,19,0.2
2018,7,Porsche,16,0.1
2018,7,Iveco,11,0.1
2018,7,Lexus,11,0.1
2018,7,Smart,11,0.1
2018,7,Datsun,7,0.1
2018,7,Land Rover,7,0.1
2018,7,Eicher,6,0.1
2018,7,Jaguar,5,0
2018,7,Isuzu,5,0
2018,7,Chevrolet,1,0
2018,7,Aston Martin,1,0
2018,7,Chrysler,1,0
2018,7,Isuzu,1,0
2018,8,Toyota,1529,14.7
2018,8,Volkswagen,1458,14
2018,8,Ford,1102,10.6
2018,8,Mahindra,597,5.7
2018,8,Audi,560,5.4
2018,8,Volvo,530,5.1
2018,8,Skoda,507,4.9
2018,8,BMW,447,4.3
2018,8,Mercedes-Benz,389,3.7
2018,8,Mitsubishi,387,3.7
2018,8,Citroen,384,3.7
2018,8,Tata,380,3.6
2018,8,Nissan,365,3.5
2018,8,Hyundai,319,3.1
2018,8,Ashok LeyLand,293,2.8
2018,8,Honda,257,2.5
2018,8,Suzuki,187,1.8
2018,8,MG,184,1.8
2018,8,Kia,155,1.5
2018,8,Fiat,124,1.2
2018,8,Iveco,54,0.5
2018,8,Renault,33,0.3
2018,8,BYD,33,0.3
2018,8,BharatBenz,25,0.2
2018,8,MINI,25,0.2
2018,8,Porsche,21,0.2
2018,8,Lexus,20,0.2
2018,8,Smart,13,0.1
2018,8,Land Rover,7,0.1
2018,8,Datsun,6,0.1
2018,8,Eicher,6,0.1
2018,8,Jaguar,6,0.1
2018,8,Jeep,5,0
2018,8,Morgan,2,0
2018,8,Isuzu,1,0
2018,8,Chrysler,1,0
2018,8,Tesla,1,0
2018,8,Chevrolet US,1,0
2018,9,Volkswagen,1575,14.1
2018,9,Toyota,1461,13.1
2018,9,Ford,1190,10.7
2018,9,Volvo,827,7.4
2018,9,Mahindra,690,6.2
2018,9,Mitsubishi,681,6.1
2018,9,Skoda,559,5
2018,9,BMW,556,5
2018,9,Audi,467,4.2
2018,9,Nissan,441,4
2018,9,Mercedes-Benz,403,3.6
2018,9,Hyundai,338,3
2018,9,Ashok LeyLand,338,3
2018,9,MG,280,2.5
2018,9,Citroen,268,2.4
2018,9,Tata,260,2.3
2018,9,Suzuki,200,1.8
2018,9,Honda,198,1.8
2018,9,Kia,123,1.1
2018,9,Fiat,77,0.7
2018,9,Iveco,48,0.4
2018,9,MINI,36,0.3
2018,9,BYD,23,0.2
2018,9,Porsche,23,0.2
2018,9,BharatBenz,17,0.2
2018,9,Renault,12,0.1
2018,9,Eicher,11,0.1
2018,9,Smart,10,0.1
2018,9,Lexus,9,0.1
2018,9,Land Rover,7,0.1
2018,9,Jaguar,2,0
2018,9,Chrysler,2,0
2018,9,Datsun,1,0
2018,9,Jeep,1,0
2018,9,Chevrolet,1,0
2018,9,Tesla,1,0
2018,9,Lancia,1,0
2018,10,Volkswagen,1659,15.5
2018,10,Toyota,1379,12.9
2018,10,Volvo,922,8.6
2018,10,Ford,887,8.3
2018,10,Mahindra,638,6
2018,10,Skoda,603,5.6
2018,10,Audi,526,4.9
2018,10,BMW,517,4.8
2018,10,Nissan,475,4.4
2018,10,Mitsubishi,465,4.4
2018,10,Mercedes-Benz,380,3.6
2018,10,Citroen,337,3.2
2018,10,Hyundai,312,2.9
2018,10,Tata,309,2.9
2018,10,Ashok LeyLand,249,2.3
2018,10,MG,216,2
2018,10,Suzuki,205,1.9
2018,10,Honda,143,1.3
2018,10,Kia,123,1.2
2018,10,Fiat,110,1
2018,10,BYD,47,0.4
2018,10,Renault,45,0.4
2018,10,Iveco,38,0.4
2018,10,MINI,31,0.3
2018,10,BharatBenz,18,0.2
2018,10,Porsche,14,0.1
2018,10,Smart,13,0.1
2018,10,Jaguar,6,0.1
2018,10,Eicher,5,0
2018,10,Lexus,3,0
2018,10,Land Rover,3,0
2018,10,Tesla,2,0
2018,10,Datsun,1,0
2018,10,Jeep,1,0
2018,10,Isuzu,1,0
2018,11,Volkswagen,1824,15.3
2018,11,Toyota,1511,12.7
2018,11,Ford,1331,11.2
2018,11,Volvo,939,7.9
2018,11,Skoda,666,5.6
2018,11,BMW,647,5.4
2018,11,Audi,560,4.7
2018,11,Mitsubishi,548,4.6
2018,11,Mahindra,496,4.2
2018,11,Nissan,481,4
2018,11,Mercedes-Benz,448,3.8
2018,11,Hyundai,376,3.2
2018,11,Ashok LeyLand,318,2.7
2018,11,Tata,315,2.6
2018,11,Citroen,304,2.6
2018,11,Honda,254,2.1
2018,11,MG,212,1.8
2018,11,Suzuki,195,1.6
2018,11,Kia,124,1
2018,11,BYD,70,0.6
2018,11,Fiat,63,0.5
2018,11,Renault,53,0.4
2018,11,MINI,47,0.4
2018,11,Iveco,29,0.2
2018,11,BharatBenz,23,0.2
2018,11,Porsche,18,0.2
2018,11,Smart,17,0.1
2018,11,Lexus,9,0.1
2018,11,Isuzu,8,0.1
2018,11,Eicher,7,0.1
2018,11,Jaguar,5,0
2018,11,Land Rover,4,0
2018,11,Chevrolet,1,0
2018,11,Tesla,1,0
2018,11,Isuzu,1,0
2018,11,Ssangyong,1,0
2018,11,Ferrari,1,0
2018,11,Force Motors,1,0
2018,12,Volvo,1314,13
2018,12,Volkswagen,1298,12.8
2018,12,Ford,1226,12.1
2018,12,Toyota,668,6.6
2018,12,Skoda,590,5.8
2018,12,Audi,526,5.2
2018,12,Mitsubishi,525,5.2
2018,12,BMW,502,5
2018,12,Mercedes-Benz,463,4.6
2018,12,Mahindra,398,3.9
2018,12,Nissan,316,3.1
2018,12,Citroen,315,3.1
2018,12,Honda,301,3
2018,12,Hyundai,276,2.7
2018,12,Ashok LeyLand,246,2.4
2018,12,Tata,242,2.4
2018,12,MG,221,2.2
2018,12,Suzuki,220,2.2
2018,12,Fiat,93,0.9
2018,12,Kia,79,0.8
2018,12,BYD,76,0.7
2018,12,Renault,53,0.5
2018,12,BharatBenz,49,0.5
2018,12,MINI,41,0.4
2018,12,Porsche,25,0.2
2018,12,Land Rover,19,0.2
2018,12,Iveco,18,0.2
2018,12,Smart,10,0.1
2018,12,Lexus,7,0.1
2018,12,Eicher,7,0.1
2018,12,Jaguar,5,0
2018,12,Jeep,2,0
2018,12,Tesla,2,0
2018,12,Ssangyong,2,0
2018,12,Chevrolet,1,0
2019,1,Volkswagen,1665,16.1
2019,1,Toyota,1557,15
2019,1,Ford,840,8.1
2019,1,Volvo,656,6.3
2019,1,Mahindra,548,5.3
2019,1,Skoda,516,5
2019,1,Nissan,509,4.9
2019,1,BMW,463,4.5
2019,1,Suzuki,424,4.1
2019,1,Audi,421,4.1
2019,1,Mitsubishi,409,3.9
2019,1,Hyundai,383,3.7
2019,1,Tata,375,3.6
2019,1,Mercedes-Benz,361,3.5
2019,1,Citroen,291,2.8
2019,1,Ashok LeyLand,194,1.9
2019,1,Honda,164,1.6
2019,1,Kia,146,1.4
2019,1,MG,132,1.3
2019,1,BharatBenz,62,0.6
2019,1,Renault,62,0.6
2019,1,MINI,49,0.5
2019,1,Fiat,39,0.4
2019,1,BYD,34,0.3
2019,1,Lexus,17,0.2
2019,1,Porsche,15,0.1
2019,1,Iveco,12,0.1
2019,1,Smart,11,0.1
2019,1,Eicher,6,0.1
2019,1,Jaguar,3,0
2019,1,Chrysler,2,0
2019,1,Force Motors,2,0
2019,1,Chevrolet,1,0
2019,1,Jeep,1,0
2019,1,Land Rover,1,0
2019,1,Tesla,1,0
2019,2,Volkswagen,1501,14.2
2019,2,Toyota,1270,12
2019,2,Ford,997,9.5
2019,2,Volvo,932,8.8
2019,2,Audi,633,6
2019,2,Skoda,601,5.7
2019,2,Mitsubishi,488,4.6
2019,2,BMW,483,4.6
2019,2,Nissan,481,4.6
2019,2,Mahindra,463,4.4
2019,2,Hyundai,401,3.8
2019,2,Tata,367,3.5
2019,2,Mercedes-Benz,342,3.2
2019,2,Suzuki,254,2.4
2019,2,Citroen,252,2.4
2019,2,Ashok LeyLand,237,2.2
2019,2,Kia,192,1.8
2019,2,MG,175,1.7
2019,2,Honda,146,1.4
2019,2,Fiat,63,0.6
2019,2,BYD,58,0.6
2019,2,MINI,45,0.4
2019,2,Iveco,39,0.4
2019,2,BharatBenz,38,0.4
2019,2,Renault,33,0.3
2019,2,Porsche,13,0.1
2019,2,Smart,12,0.1
2019,2,Eicher,7,0.1
2019,2,Force Motors,5,0
2019,2,Lexus,4,0
2019,2,Jaguar,4,0
2019,2,Land Rover,3,0
2019,2,Chevrolet,2,0
2019,2,Chrysler,1,0
2019,2,Tesla,1,0
2019,3,Volkswagen,1908,14.8
2019,3,Toyota,1604,12.4
2019,3,Ford,1105,8.6
2019,3,Volvo,1104,8.6
2019,3,Mitsubishi,872,6.8
2019,3,Mahindra,701,5.4
2019,3,Audi,676,5.2
2019,3,Skoda,546,4.2
2019,3,BMW,540,4.2
2019,3,Tata,526,4.1
2019,3,Nissan,525,4.1
2019,3,Hyundai,508,3.9
2019,3,Ashok LeyLand,334,2.6
2019,3,Suzuki,318,2.5
2019,3,Citroen,316,2.4
2019,3,Mercedes-Benz,311,2.4
2019,3,Honda,265,2.1
2019,3,Kia,184,1.4
2019,3,MG,122,0.9
2019,3,BYD,76,0.6
2019,3,Lexus,73,0.6
2019,3,Renault,67,0.5
2019,3,BharatBenz,53,0.4
2019,3,Fiat,52,0.4
2019,3,MINI,51,0.4
2019,3,Iveco,14,0.1
2019,3,Porsche,10,0.1
2019,3,Smart,9,0.1
2019,3,Eicher,7,0.1
2019,3,Land Rover,7,0.1
2019,3,Jaguar,6,0
2019,3,Tesla,5,0
2019,3,Isuzu,2,0
2019,3,Force Motors,1,0
2019,3,Chevrolet,1,0
2019,3,Aston Martin,1,0
2019,3,Ssangyong,1,0
2019,4,Volkswagen,1845,16.3
2019,4,Toyota,1253,11.1
2019,4,Mitsubishi,987,8.7
2019,4,Volvo,878,7.7
2019,4,Ford,835,7.4
2019,4,Audi,653,5.8
2019,4,Skoda,653,5.8
2019,4,Mahindra,595,5.3
2019,4,BMW,521,4.6
2019,4,Nissan,467,4.1
2019,4,Tata,407,3.6
2019,4,Mercedes-Benz,358,3.2
2019,4,Hyundai,357,3.2
2019,4,Citroen,262,2.3
2019,4,Suzuki,241,2.1
2019,4,MG,169,1.5
2019,4,Kia,165,1.5
2019,4,Ashok LeyLand,143,1.3
2019,4,Honda,143,1.3
2019,4,Lexus,69,0.6
2019,4,Renault,67,0.6
2019,4,MINI,61,0.5
2019,4,BYD,54,0.5
2019,4,Fiat,47,0.4
2019,4,BharatBenz,33,0.3
2019,4,Ssangyong,24,0.2
2019,4,Land Rover,9,0.1
2019,4,Smart,7,0.1
2019,4,Iveco,6,0.1
2019,4,Porsche,6,0.1
2019,4,Eicher,4,0
2019,4,Jaguar,3,0
2019,4,Tesla,3,0
2019,4,Chevrolet,2,0
2019,4,Aston Martin,2,0
2019,4,Dacia,1,0
2019,5,Volkswagen,1822,14
2019,5,Toyota,1306,10
2019,5,Volvo,1084,8.3
2019,5,Ford,1067,8.2
2019,5,Mahindra,1018,7.8
2019,5,Mitsubishi,827,6.4
2019,5,Audi,720,5.5
2019,5,BMW,714,5.5
2019,5,Skoda,585,4.5
2019,5,Tata,561,4.3
2019,5,Nissan,537,4.1
2019,5,Mercedes-Benz,463,3.6
2019,5,Hyundai,447,3.4
2019,5,Citroen,374,2.9
2019,5,Kia,239,1.8
2019,5,Honda,218,1.7
2019,5,Suzuki,211,1.6
2019,5,MG,178,1.4
2019,5,Ashok LeyLand,175,1.3
2019,5,Renault,120,0.9
2019,5,Fiat,75,0.6
2019,5,MINI,67,0.5
2019,5,BharatBenz,61,0.5
2019,5,Lexus,41,0.3
2019,5,BYD,24,0.2
2019,5,Ssangyong,19,0.1
2019,5,Iveco,14,0.1
2019,5,Porsche,13,0.1
2019,5,Land Rover,8,0.1
2019,5,Smart,7,0.1
2019,5,Tesla,4,0
2019,5,Eicher,1,0
2019,5,Force Motors,1,0
2019,5,Chevrolet,1,0
2019,5,Isuzu,1,0
2019,5,Ferrari,1,0
2019,5,Morgan,1,0
2019,6,Volkswagen,1222,11.8
2019,6,Ford,1085,10.5
2019,6,Toyota,876,8.5
2019,6,Volvo,853,8.2
2019,6,Audi,658,6.4
2019,6,Skoda,623,6
2019,6,Mitsubishi,578,5.6
2019,6,Mahindra,571,5.5
2019,6,BMW,533,5.1
2019,6,Hyundai,522,5
2019,6,Tata,423,4.1
2019,6,Nissan,418,4
2019,6,Mercedes-Benz,394,3.8
2019,6,Citroen,345,3.3
2019,6,Honda,232,2.2
2019,6,Suzuki,203,2
2019,6,MG,173,1.7
2019,6,Kia,171,1.7
2019,6,Ashok LeyLand,122,1.2
2019,6,Renault,79,0.8
2019,6,Fiat,67,0.6
2019,6,MINI,57,0.6
2019,6,BharatBenz,34,0.3
2019,6,Iveco,26,0.3
2019,6,Lexus,22,0.2
2019,6,BYD,19,0.2
2019,6,Porsche,17,0.2
2019,6,Smart,8,0.1
2019,6,Ssangyong,6,0.1
2019,6,Land Rover,4,0
2019,6,Tesla,4,0
2019,6,Eicher,3,0
2019,6,Jaguar,2,0
2019,6,Aston Martin,1,0
2019,6,Jeep,1,0
2019,6,Morgan,1,0
2019,6,Lancia,1,0
2019,7,Volkswagen,1590,14.2
2019,7,Toyota,1325,11.8
2019,7,Volvo,1134,10.1
2019,7,Ford,901,8.1
2019,7,Mitsubishi,707,6.3
2019,7,Skoda,646,5.8
2019,7,Mahindra,635,5.7
2019,7,Audi,630,5.6
2019,7,BMW,496,4.4
2019,7,Nissan,456,4.1
2019,7,Tata,419,3.7
2019,7,Mercedes-Benz,403,3.6
2019,7,Hyundai,341,3
2019,7,Citroen,307,2.7
2019,7,Suzuki,252,2.3
2019,7,Kia,192,1.7
2019,7,MG,165,1.5
2019,7,Ashok LeyLand,141,1.3
2019,7,Honda,101,0.9
2019,7,MINI,86,0.8
2019,7,Renault,83,0.7
2019,7,Fiat,51,0.5
2019,7,BharatBenz,45,0.4
2019,7,Lexus,24,0.2
2019,7,Porsche,15,0.1
2019,7,Ssangyong,10,0.1
2019,7,BYD,7,0.1
2019,7,Smart,6,0.1
2019,7,Land Rover,6,0.1
2019,7,Jaguar,5,0
2019,7,Iveco,3,0
2019,7,Tesla,3,0
2019,7,Force Motors,2,0
2019,7,Eicher,1,0
2019,7,Chevrolet,1,0
2019,8,Volkswagen,1827,15.9
2019,8,Toyota,1284,11.2
2019,8,Ford,1248,10.9
2019,8,Volvo,687,6
2019,8,Skoda,648,5.7
2019,8,Mitsubishi,635,5.5
2019,8,Hyundai,622,5.4
2019,8,Audi,588,5.1
2019,8,Mahindra,557,4.9
2019,8,BMW,449,3.9
2019,8,Nissan,403,3.5
2019,8,Tata,400,3.5
2019,8,Mercedes-Benz,375,3.3
2019,8,Suzuki,300,2.6
2019,8,Citroen,283,2.5
2019,8,Kia,241,2.1
2019,8,Ashok LeyLand,190,1.7
2019,8,Honda,181,1.6
2019,8,MG,134,1.2
2019,8,MINI,87,0.8
2019,8,Renault,82,0.7
2019,8,Fiat,69,0.6
2019,8,Lexus,53,0.5
2019,8,BharatBenz,50,0.4
2019,8,Porsche,20,0.2
2019,8,BYD,10,0.1
2019,8,Smart,9,0.1
2019,8,Land Rover,9,0.1
2019,8,Iveco,6,0.1
2019,8,Ssangyong,6,0.1
2019,8,Chevrolet,3,0
2019,8,Dacia,2,0
2019,8,Eicher,1,0
2019,8,Jaguar,1,0
2019,8,Tesla,1,0
2019,8,Aston Martin,1,0
2019,8,Morgan,1,0
2019,8,Infiniti,1,0
2019,9,Volkswagen,1674,14.3
2019,9,Toyota,1313,11.2
2019,9,Volvo,1178,10
2019,9,Ford,1107,9.4
2019,9,Mahindra,729,6.2
2019,9,Skoda,691,5.9
2019,9,Audi,581,5
2019,9,Nissan,548,4.7
2019,9,Mitsubishi,537,4.6
2019,9,BMW,531,4.5
2019,9,Hyundai,450,3.8
2019,9,Mercedes-Benz,363,3.1
2019,9,Tata,326,2.8
2019,9,Citroen,290,2.5
2019,9,Suzuki,267,2.3
2019,9,Kia,237,2
2019,9,Honda,199,1.7
2019,9,Ashok LeyLand,178,1.5
2019,9,MG,107,0.9
2019,9,MINI,85,0.7
2019,9,Fiat,73,0.6
2019,9,Lexus,70,0.6
2019,9,Renault,65,0.6
2019,9,BharatBenz,41,0.3
2019,9,Land Rover,24,0.2
2019,9,Ssangyong,15,0.1
2019,9,BYD,10,0.1
2019,9,Porsche,10,0.1
2019,9,Smart,10,0.1
2019,9,Jaguar,10,0.1
2019,9,Iveco,5,0
2019,9,Aston Martin,4,0
2019,9,Chevrolet,2,0
2019,9,Jeep,2,0
2019,9,Eicher,1,0
2019,9,Tesla,1,0
2019,9,Isuzu,1,0
2019,9,Lotus,1,0
2019,9,Secma,1,0
2019,10,Volkswagen,1854,16.1
2019,10,Toyota,1218,10.6
2019,10,Ford,1147,9.9
2019,10,Volvo,1061,9.2
2019,10,Skoda,770,6.7
2019,10,BMW,639,5.5
2019,10,Audi,587,5.1
2019,10,Mahindra,535,4.6
2019,10,Mitsubishi,502,4.3
2019,10,Nissan,438,3.8
2019,10,Hyundai,432,3.7
2019,10,Mercedes-Benz,373,3.2
2019,10,Citroen,370,3.2
2019,10,Tata,308,2.7
2019,10,Ashok LeyLand,242,2.1
2019,10,Suzuki,224,1.9
2019,10,Kia,200,1.7
2019,10,Honda,131,1.1
2019,10,MG,97,0.8
2019,10,MINI,83,0.7
2019,10,Fiat,74,0.6
2019,10,Lexus,57,0.5
2019,10,Renault,55,0.5
2019,10,Land Rover,49,0.4
2019,10,BharatBenz,27,0.2
2019,10,Porsche,18,0.2
2019,10,Isuzu,12,0.1
2019,10,Ssangyong,11,0.1
2019,10,Iveco,8,0.1
2019,10,Smart,5,0
2019,10,Chevrolet,4,0
2019,10,BYD,4,0
2019,10,Jaguar,2,0
2019,10,Dacia,2,0
2019,10,Jeep,1,0
2019,10,Tesla,1,0
2019,10,Eicher,1,0
2019,10,Lotus,1,0
2019,11,Volkswagen,1960,15.9
2019,11,Toyota,1298,10.5
2019,11,Ford,1282,10.4
2019,11,Volvo,1193,9.7
2019,11,Mitsubishi,702,5.7
2019,11,Mahindra,622,5
2019,11,Nissan,618,5
2019,11,Audi,601,4.9
2019,11,Skoda,593,4.8
2019,11,BMW,591,4.8
2019,11,Hyundai,543,4.4
2019,11,Mercedes-Benz,406,3.3
2019,11,Tata,339,2.7
2019,11,Citroen,302,2.4
2019,11,Suzuki,250,2
2019,11,Kia,246,2
2019,11,Ashok LeyLand,190,1.5
2019,11,MG,166,1.3
2019,11,Honda,106,0.9
2019,11,Renault,77,0.6
2019,11,MINI,63,0.5
2019,11,Fiat,53,0.4
2019,11,Land Rover,49,0.4
2019,11,Lexus,31,0.3
2019,11,BharatBenz,26,0.2
2019,11,Porsche,14,0.1
2019,11,Ssangyong,9,0.1
2019,11,Isuzu,7,0.1
2019,11,Jaguar,6,0
2019,11,Smart,4,0
2019,11,Iveco,2,0
2019,11,Chevrolet,2,0
2019,11,Force Motors,2,0
2019,11,Aston Martin,2,0
2019,11,Eicher,1,0
2019,11,Tesla,1,0
2019,12,Volkswagen,2030,17.6
2019,12,Ford,1377,11.9
2019,12,Volvo,1235,10.7
2019,12,Toyota,932,8.1
2019,12,Skoda,748,6.5
2019,12,Audi,603,5.2
2019,12,Mitsubishi,598,5.2
2019,12,Hyundai,498,4.3
2019,12,Mahindra,453,3.9
2019,12,Nissan,432,3.7
2019,12,Kia,401,3.5
2019,12,Mercedes-Benz,395,3.4
2019,12,BMW,328,2.8
2019,12,Citroen,274,2.4
2019,12,Tata,265,2.3
2019,12,Ashok LeyLand,221,1.9
2019,12,MG,144,1.2
2019,12,Suzuki,138,1.2
2019,12,Honda,122,1.1
2019,12,Renault,90,0.8
2019,12,MINI,79,0.7
2019,12,Land Rover,46,0.4
2019,12,Fiat,43,0.4
2019,12,BharatBenz,34,0.3
2019,12,Lexus,16,0.1
2019,12,Ssangyong,10,0.1
2019,12,Porsche,8,0.1
2019,12,Jeep,7,0.1
2019,12,Smart,6,0.1
2019,12,Jaguar,4,0
2019,12,Tesla,3,0
2019,12,Chevrolet,3,0
2019,12,BYD,2,0
2019,12,Iveco,2,0
2019,12,Eicher,1,0
2019,12,Isuzu,1,0
2019,12,Chevrolet US,1,0
2020,1,Volkswagen,1528,14.1
2020,1,Toyota,1388,12.8
2020,1,Volvo,911,8.4
2020,1,Ford,828,7.6
2020,1,Audi,789,7.3
2020,1,BMW,721,6.7
2020,1,Nissan,673,6.2
2020,1,Mahindra,493,4.5
2020,1,Mercedes-Benz,461,4.3
2020,1,Skoda,430,4
2020,1,Mitsubishi,406,3.7
2020,1,Tata,327,3
2020,1,Hyundai,312,2.9
2020,1,Kia,302,2.8
2020,1,Suzuki,250,2.3
2020,1,Citroen,239,2.2
2020,1,Ashok LeyLand,168,1.6
2020,1,MG,122,1.1
2020,1,Lexus,94,0.9
2020,1,MINI,86,0.8
2020,1,Land Rover,69,0.6
2020,1,Honda,58,0.5
2020,1,Porsche,46,0.4
2020,1,Fiat,41,0.4
2020,1,Renault,41,0.4
2020,1,BharatBenz,20,0.2
2020,1,Jeep,19,0.2
2020,1,Ssangyong,4,0
2020,1,Smart,3,0
2020,1,Tesla,2,0
2020,1,Aston Martin,1,0
2020,1,Bentley,1,0
2020,1,Cadillac,1,0
2020,1,Chevrolet,1,0
2020,1,Ferrari,1,0
2020,1,Jaguar,1,0
2020,1,BYD,1,0
2020,2,Toyota,1465,13.4
2020,2,Volkswagen,1340,12.3
2020,2,Ford,862,7.9
2020,2,Volvo,800,7.3
2020,2,Audi,641,5.9
2020,2,Nissan,614,5.6
2020,2,BMW,598,5.5
2020,2,Skoda,543,5
2020,2,Mahindra,527,4.8
2020,2,Hyundai,485,4.4
2020,2,Mercedes-Benz,429,3.9
2020,2,Kia,424,3.9
2020,2,Mitsubishi,369,3.4
2020,2,Citroen,331,3
2020,2,Tata,321,2.9
2020,2,Ashok LeyLand,312,2.9
2020,2,Suzuki,171,1.6
2020,2,Honda,145,1.3
2020,2,MG,144,1.3
2020,2,Land Rover,100,0.9
2020,2,MINI,77,0.7
2020,2,Renault,60,0.5
2020,2,Fiat,46,0.4
2020,2,Lexus,33,0.3
2020,2,BharatBenz,27,0.2
2020,2,Jeep,21,0.2
2020,2,Porsche,20,0.2
2020,2,Ssangyong,3,0
2020,2,Smart,3,0
2020,2,Jaguar,3,0
2020,2,Chevrolet,2,0
2020,2,BYD,2,0
2020,2,Bentley,1,0
2020,2,Cadillac,1,0
2020,2,Ferrari,1,0
2020,2,Dacia,1,0
2020,2,Martin Motors,1,0
2020,2,Force Motors,1,0
2020,2,Iveco,1,0
2020,3,Toyota,1834,14.1
2020,3,Volkswagen,1701,13
2020,3,Ford,1255,9.6
2020,3,Volvo,1127,8.6
2020,3,Audi,747,5.7
2020,3,BMW,672,5.1
2020,3,Nissan,669,5.1
2020,3,Hyundai,602,4.6
2020,3,Skoda,531,4.1
2020,3,Mercedes-Benz,518,4
2020,3,Mahindra,484,3.7
2020,3,Mitsubishi,437,3.3
2020,3,Kia,411,3.1
2020,3,Tata,376,2.9
2020,3,Ashok LeyLand,315,2.4
2020,3,Citroen,313,2.4
2020,3,Suzuki,229,1.8
2020,3,MG,192,1.5
2020,3,Honda,161,1.2
2020,3,Land Rover,87,0.7
2020,3,Fiat,80,0.6
2020,3,MINI,65,0.5
2020,3,Renault,65,0.5
2020,3,Lexus,52,0.4
2020,3,BharatBenz,48,0.4
2020,3,Porsche,20,0.2
2020,3,Jeep,20,0.2
2020,3,Jaguar,17,0.1
2020,3,Ssangyong,5,0
2020,3,Smart,5,0
2020,3,Tesla,4,0
2020,3,Iveco,3,0
2020,3,Chevrolet,2,0
2020,3,Morgan,2,0
2020,3,BYD,1,0
2020,3,Ferrari,1,0
2020,4,Volkswagen,2107,19.4
2020,4,Toyota,1364,12.5
2020,4,Volvo,928,8.5
2020,4,Ford,741,6.8
2020,4,Audi,703,6.5
2020,4,Skoda,652,6
2020,4,BMW,625,5.7
2020,4,Nissan,436,4
2020,4,Mercedes-Benz,415,3.8
2020,4,Mitsubishi,396,3.6
2020,4,Hyundai,392,3.6
2020,4,Mahindra,391,3.6
2020,4,Kia,338,3.1
2020,4,Tata,301,2.8
2020,4,Citroen,204,1.9
2020,4,MG,183,1.7
2020,4,Ashok LeyLand,174,1.6
2020,4,Suzuki,114,1
2020,4,Honda,84,0.8
2020,4,MINI,67,0.6
2020,4,Land Rover,65,0.6
2020,4,Fiat,47,0.4
2020,4,Lexus,39,0.4
2020,4,Renault,34,0.3
2020,4,Porsche,23,0.2
2020,4,Jeep,20,0.2
2020,4,BharatBenz,19,0.2
2020,4,Tesla,4,0
2020,4,Smart,3,0
2020,4,Iveco,2,0
2020,4,Ssangyong,1,0
2020,4,Morgan,1,0
2020,4,Aston Martin,1,0
2020,4,Dacia,1,0
2020,4,NA,1,0
2020,5,Volkswagen,1712,13.6
2020,5,Toyota,1508,12
2020,5,Volvo,1099,8.7
2020,5,Ford,1019,8.1
2020,5,Audi,825,6.5
2020,5,Hyundai,683,5.4
2020,5,BMW,670,5.3
2020,5,Mahindra,655,5.2
2020,5,Nissan,589,4.7
2020,5,Mitsubishi,477,3.8
2020,5,Skoda,469,3.7
2020,5,Kia,455,3.6
2020,5,Mercedes-Benz,449,3.6
2020,5,Citroen,338,2.7
2020,5,Ashok LeyLand,321,2.5
2020,5,Tata,318,2.5
2020,5,MG,225,1.8
2020,5,Suzuki,198,1.6
2020,5,Honda,167,1.3
2020,5,MINI,103,0.8
2020,5,Land Rover,58,0.5
2020,5,Renault,57,0.5
2020,5,Lexus,52,0.4
2020,5,Fiat,51,0.4
2020,5,Porsche,32,0.3
2020,5,Jeep,29,0.2
2020,5,BharatBenz,27,0.2
2020,5,Smart,9,0.1
2020,5,Jaguar,3,0
2020,5,Tesla,3,0
2020,5,Ssangyong,2,0
2020,5,Chevrolet,2,0
2020,5,BYD,2,0
2020,5,Iveco,1,0
2020,5,Cadillac,1,0
2020,5,Fisker,1,0
2020,5,Isuzu,1,0
2020,5,Westfield,1,0
2020,6,Volkswagen,1480,13.4
2020,6,Toyota,1264,11.4
2020,6,Ford,1120,10.1
2020,6,Volvo,890,8.1
2020,6,BMW,621,5.6
2020,6,Audi,578,5.2
2020,6,Skoda,573,5.2
2020,6,Hyundai,522,4.7
2020,6,Mahindra,516,4.7
2020,6,Nissan,477,4.3
2020,6,Kia,380,3.4
2020,6,Mercedes-Benz,355,3.2
2020,6,Citroen,347,3.1
2020,6,Mitsubishi,340,3.1
2020,6,MG,303,2.7
2020,6,Tata,292,2.6
2020,6,Ashok LeyLand,274,2.5
2020,6,Honda,191,1.7
2020,6,Suzuki,137,1.2
2020,6,Renault,110,1
2020,6,MINI,56,0.5
2020,6,Land Rover,52,0.5
2020,6,Fiat,46,0.4
2020,6,Lexus,35,0.3
2020,6,Porsche,30,0.3
2020,6,Jeep,17,0.2
2020,6,BharatBenz,16,0.1
2020,6,Tesla,5,0
2020,6,Jaguar,4,0
2020,6,Smart,4,0
2020,6,Ssangyong,4,0
2020,6,Chevrolet,2,0
2020,6,Fisker,2,0
2020,6,Force Motors,2,0
2020,6,Iveco,1,0
2020,6,BYD,1,0
2020,6,Ferrari,1,0
2020,6,Morgan,1,0
2020,6,Dacia,1,0
2020,6,Isuzu,1,0
2020,6,NA,1,0
2020,6,Isuzu,1,0
2020,7,Volkswagen,2031,17
2020,7,Toyota,1342,11.3
2020,7,Volvo,917,7.7
2020,7,Ford,841,7.1
2020,7,Audi,836,7
2020,7,Skoda,781,6.6
2020,7,Nissan,595,5
2020,7,BMW,537,4.5
2020,7,Mahindra,512,4.3
2020,7,Hyundai,478,4
2020,7,Kia,404,3.4
2020,7,Mercedes-Benz,380,3.2
2020,7,Mitsubishi,374,3.1
2020,7,Ashok LeyLand,371,3.1
2020,7,MG,319,2.7
2020,7,Tata,316,2.7
2020,7,Citroen,286,2.4
2020,7,Suzuki,135,1.1
2020,7,Honda,105,0.9
2020,7,Fiat,68,0.6
2020,7,Renault,66,0.6
2020,7,Land Rover,47,0.4
2020,7,MINI,46,0.4
2020,7,Lexus,44,0.4
2020,7,Porsche,38,0.3
2020,7,BharatBenz,17,0.1
2020,7,Jeep,15,0.1
2020,7,Ssangyong,5,0
2020,7,Tesla,3,0
2020,7,BYD,2,0
2020,7,Isuzu,2,0
2020,7,Jaguar,1,0
2020,7,Smart,1,0
2020,7,Chevrolet,1,0
2020,7,Iveco,1,0
2020,7,Fisker,1,0
2020,7,Aston Martin,1,0
2020,7,NA,1,0
2020,8,Volkswagen,1873,15.9
2020,8,Toyota,1547,13.1
2020,8,Ford,911,7.7
2020,8,Audi,767,6.5
2020,8,Mahindra,657,5.6
2020,8,Skoda,643,5.5
2020,8,Volvo,609,5.2
2020,8,BMW,579,4.9
2020,8,Nissan,553,4.7
2020,8,Kia,464,3.9
2020,8,Mercedes-Benz,457,3.9
2020,8,Hyundai,432,3.7
2020,8,Ashok LeyLand,361,3.1
2020,8,Citroen,348,3
2020,8,Mitsubishi,341,2.9
2020,8,Tata,266,2.3
2020,8,MG,248,2.1
2020,8,Suzuki,164,1.4
2020,8,Honda,162,1.4
2020,8,Fiat,69,0.6
2020,8,MINI,61,0.5
2020,8,Renault,59,0.5
2020,8,Land Rover,49,0.4
2020,8,Lexus,42,0.4
2020,8,BharatBenz,39,0.3
2020,8,Porsche,34,0.3
2020,8,Jeep,21,0.2
2020,8,Smart,9,0.1
2020,8,Iveco,5,0
2020,8,Mia,5,0
2020,8,Jaguar,4,0
2020,8,Tesla,3,0
2020,8,Ssangyong,2,0
2020,8,Chevrolet,1,0
2020,8,BYD,1,0
2020,8,Bentley,1,0
2020,8,Datsun,1,0
2020,8,McLaren,1,0
2020,8,Seat,1,0
2020,9,Volkswagen,1445,13
2020,9,Toyota,1387,12.5
2020,9,Volvo,945,8.5
2020,9,Ford,930,8.4
2020,9,Audi,578,5.2
2020,9,Nissan,575,5.2
2020,9,BMW,572,5.1
2020,9,Mercedes-Benz,501,4.5
2020,9,Mahindra,490,4.4
2020,9,Kia,471,4.2
2020,9,Skoda,463,4.2
2020,9,Mitsubishi,429,3.9
2020,9,Ashok LeyLand,400,3.6
2020,9,Hyundai,399,3.6
2020,9,Citroen,389,3.5
2020,9,MG,319,2.9
2020,9,Tata,299,2.7
2020,9,Suzuki,176,1.6
2020,9,Honda,117,1.1
2020,9,MINI,61,0.5
2020,9,Fiat,47,0.4
2020,9,Renault,30,0.3
2020,9,Lexus,25,0.2
2020,9,BharatBenz,24,0.2
2020,9,Porsche,16,0.1
2020,9,Land Rover,15,0.1
2020,9,Jeep,11,0.1
2020,9,Smart,5,0
2020,9,Ssangyong,4,0
2020,9,Tesla,3,0
2020,9,Iveco,3,0
2020,9,Chevrolet US,2,0
2020,9,Chevrolet,1,0
2020,9,Aston Martin,1,0
2020,9,Force Motors,1,0
2020,10,Volkswagen,1848,14.9
2020,10,Toyota,1640,13.2
2020,10,Ford,1017,8.2
2020,10,Volvo,969,7.8
2020,10,BMW,686,5.5
2020,10,Mahindra,669,5.4
2020,10,Audi,654,5.3
2020,10,Skoda,611,4.9
2020,10,Nissan,599,4.8
2020,10,Mercedes-Benz,466,3.8
2020,10,Kia,458,3.7
2020,10,Hyundai,432,3.5
2020,10,Mitsubishi,381,3.1
2020,10,MG,341,2.7
2020,10,Ashok LeyLand,334,2.7
2020,10,Tata,319,2.6
2020,10,Citroen,280,2.3
2020,10,Suzuki,176,1.4
2020,10,Honda,143,1.2
2020,10,MINI,98,0.8
2020,10,Fiat,57,0.5
2020,10,Renault,56,0.5
2020,10,Land Rover,39,0.3
2020,10,Lexus,39,0.3
2020,10,Porsche,31,0.2
2020,10,BharatBenz,27,0.2
2020,10,Jeep,24,0.2
2020,10,Chevrolet,4,0
2020,10,Smart,3,0
2020,10,Tesla,3,0
2020,10,Jaguar,2,0
2020,10,Ssangyong,2,0
2020,10,Mia,2,0
2020,10,Morgan,1,0
2020,10,Force Motors,1,0
2020,10,Bentley,1,0
2020,11,Volkswagen,2064,17.2
2020,11,Toyota,1380,11.5
2020,11,Volvo,1090,9.1
2020,11,Ford,741,6.2
2020,11,Audi,702,5.9
2020,11,BMW,640,5.3
2020,11,Nissan,567,4.7
2020,11,Kia,560,4.7
2020,11,Mahindra,539,4.5
2020,11,Mercedes-Benz,523,4.4
2020,11,Skoda,517,4.3
2020,11,Mitsubishi,396,3.3
2020,11,Hyundai,371,3.1
2020,11,Tata,323,2.7
2020,11,Ashok LeyLand,305,2.5
2020,11,Citroen,282,2.4
2020,11,MG,261,2.2
2020,11,Suzuki,207,1.7
2020,11,Honda,205,1.7
2020,11,MINI,77,0.6
2020,11,Fiat,55,0.5
2020,11,Chevrolet,39,0.3
2020,11,Renault,34,0.3
2020,11,Land Rover,33,0.3
2020,11,Lexus,24,0.2
2020,11,Porsche,19,0.2
2020,11,BharatBenz,13,0.1
2020,11,Jeep,7,0.1
2020,11,Jaguar,6,0.1
2020,11,Fisker,2,0
2020,11,Ssangyong,1,0
2020,11,BYD,1,0
2020,11,Cadillac,1,0
2020,11,Seat,1,0
2020,12,Volkswagen,1378,14.7
2020,12,Volvo,1265,13.5
2020,12,Toyota,784,8.4
2020,12,Ford,742,7.9
2020,12,Mercedes-Benz,662,7.1
2020,12,Skoda,580,6.2
2020,12,Audi,501,5.3
2020,12,Hyundai,449,4.8
2020,12,BMW,404,4.3
2020,12,Nissan,311,3.3
2020,12,Mitsubishi,308,3.3
2020,12,Mahindra,276,2.9
2020,12,MG,270,2.9
2020,12,Kia,250,2.7
2020,12,Citroen,226,2.4
2020,12,Ashok LeyLand,224,2.4
2020,12,Honda,193,2.1
2020,12,Tata,158,1.7
2020,12,Suzuki,103,1.1
2020,12,Land Rover,70,0.7
2020,12,MINI,59,0.6
2020,12,Renault,45,0.5
2020,12,Fiat,24,0.3
2020,12,Chevrolet,22,0.2
2020,12,Porsche,19,0.2
2020,12,Lexus,14,0.1
2020,12,BharatBenz,6,0.1
2020,12,Jaguar,6,0.1
2020,12,Jeep,5,0.1
2020,12,Smart,3,0
2020,12,Ssangyong,3,0
2020,12,Dacia,3,0
2020,12,Tesla,2,0
2020,12,Iveco,1,0
2020,12,Mia,1,0
2020,12,Cadillac,1,0
2020,12,Binz,1,0
2021,1,Volkswagen,1680,14.4
2021,1,Toyota,1287,11.1
2021,1,Volvo,857,7.4
2021,1,Ford,679,5.8
2021,1,BMW,652,5.6
2021,1,MG,646,5.6
2021,1,Mahindra,639,5.5
2021,1,Nissan,626,5.4
2021,1,Mitsubishi,601,5.2
2021,1,Audi,597,5.1
2021,1,Mercedes-Benz,485,4.2
2021,1,Kia,444,3.8
2021,1,Tata,397,3.4
2021,1,Skoda,388,3.3
2021,1,Hyundai,321,2.8
2021,1,Citroen,274,2.4
2021,1,Honda,242,2.1
2021,1,Ashok LeyLand,238,2
2021,1,Suzuki,176,1.5
2021,1,MINI,86,0.7
2021,1,Renault,57,0.5
2021,1,Land Rover,45,0.4
2021,1,Lexus,44,0.4
2021,1,Chevrolet,40,0.3
2021,1,Porsche,34,0.3
2021,1,Fiat,29,0.2
2021,1,Dacia,28,0.2
2021,1,BharatBenz,17,0.1
2021,1,Jaguar,14,0.1
2021,1,Jeep,11,0.1
2021,1,Force Motors,2,0
2021,1,Smart,1,0
2021,1,Ssangyong,1,0
2021,1,Iveco,1,0
2021,2,Volkswagen,1592,14.1
2021,2,Toyota,1500,13.2
2021,2,Volvo,826,7.3
2021,2,Ford,800,7.1
2021,2,Audi,641,5.7
2021,2,MG,604,5.3
2021,2,Mercedes-Benz,563,5
2021,2,Nissan,560,4.9
2021,2,BMW,533,4.7
2021,2,Skoda,481,4.2
2021,2,Mahindra,448,4
2021,2,Kia,441,3.9
2021,2,Mitsubishi,428,3.8
2021,2,Honda,332,2.9
2021,2,Hyundai,309,2.7
2021,2,Tata,308,2.7
2021,2,Ashok LeyLand,270,2.4
2021,2,Citroen,199,1.8
2021,2,Suzuki,154,1.4
2021,2,Fiat,56,0.5
2021,2,MINI,54,0.5
2021,2,Land Rover,53,0.5
2021,2,Lexus,37,0.3
2021,2,Renault,32,0.3
2021,2,Chevrolet,30,0.3
2021,2,Dacia,23,0.2
2021,2,Porsche,20,0.2
2021,2,BharatBenz,7,0.1
2021,2,Jeep,7,0.1
2021,2,Jaguar,3,0
2021,2,Ssangyong,3,0
2021,2,Mia,3,0
2021,2,Iveco,1,0
2021,2,Aston Martin,1,0
2021,2,Bentley,1,0
2021,2,Fisker,1,0
2021,2,BYD,1,0
2021,3,Volkswagen,1440,13.4
2021,3,Toyota,1301,12.1
2021,3,Volvo,826,7.7
2021,3,Ford,666,6.2
2021,3,Nissan,620,5.8
2021,3,MG,594,5.5
2021,3,Audi,488,4.5
2021,3,Mitsubishi,488,4.5
2021,3,Skoda,484,4.5
2021,3,BMW,473,4.4
2021,3,Hyundai,469,4.4
2021,3,Mercedes-Benz,460,4.3
2021,3,Mahindra,390,3.6
2021,3,Tata,377,3.5
2021,3,Kia,341,3.2
2021,3,Honda,298,2.8
2021,3,Ashok LeyLand,284,2.6
2021,3,Citroen,187,1.7
2021,3,Suzuki,169,1.6
2021,3,Land Rover,82,0.8
2021,3,MINI,59,0.5
2021,3,Renault,56,0.5
2021,3,Fiat,47,0.4
2021,3,Lexus,31,0.3
2021,3,Chevrolet,28,0.3
2021,3,Porsche,24,0.2
2021,3,Dacia,18,0.2
2021,3,BharatBenz,9,0.1
2021,3,Jaguar,7,0.1
2021,3,Smart,7,0.1
2021,3,Ssangyong,5,0
2021,3,Jeep,4,0
2021,3,Force Motors,2,0
2021,3,Tesla,1,0
2021,4,Volkswagen,2200,15.7
2021,4,Toyota,1645,11.8
2021,4,Volvo,1060,7.6
2021,4,Audi,987,7.1
2021,4,Ford,950,6.8
2021,4,Nissan,814,5.8
2021,4,Mercedes-Benz,705,5
2021,4,Mitsubishi,648,4.6
2021,4,BMW,646,4.6
2021,4,Skoda,625,4.5
2021,4,Tata,463,3.3
2021,4,Hyundai,454,3.2
2021,4,Mahindra,444,3.2
2021,4,Kia,444,3.2
2021,4,MG,414,3
2021,4,Ashok LeyLand,325,2.3
2021,4,Citroen,279,2
2021,4,Honda,250,1.8
2021,4,Suzuki,163,1.2
2021,4,MINI,95,0.7
2021,4,Renault,80,0.6
2021,4,Fiat,77,0.6
2021,4,Porsche,49,0.4
2021,4,Lexus,40,0.3
2021,4,Chevrolet,35,0.3
2021,4,Land Rover,29,0.2
2021,4,Dacia,25,0.2
2021,4,BharatBenz,13,0.1
2021,4,Jaguar,10,0.1
2021,4,Jeep,7,0.1
2021,4,Smart,3,0
2021,4,Ssangyong,2,0
2021,4,Cadillac,2,0
2021,4,Morgan,2,0
2021,4,Iveco,1,0
2021,4,Aston Martin,1,0
2021,4,Tesla,1,0
2021,5,Toyota,1635,13.6
2021,5,Volkswagen,1351,11.2
2021,5,Ford,1010,8.4
2021,5,Volvo,938,7.8
2021,5,Audi,699,5.8
2021,5,BMW,662,5.5
2021,5,Nissan,645,5.4
2021,5,Mitsubishi,616,5.1
2021,5,Mercedes-Benz,592,4.9
2021,5,Mahindra,491,4.1
2021,5,Hyundai,468,3.9
2021,5,Skoda,464,3.9
2021,5,Kia,409,3.4
2021,5,Tata,372,3.1
2021,5,MG,338,2.8
2021,5,Ashok LeyLand,300,2.5
2021,5,Honda,230,1.9
2021,5,Citroen,224,1.9
2021,5,Suzuki,152,1.3
2021,5,MINI,97,0.8
2021,5,Fiat,79,0.7
2021,5,Renault,73,0.6
2021,5,Land Rover,36,0.3
2021,5,Lexus,34,0.3
2021,5,Chevrolet,26,0.2
2021,5,Porsche,25,0.2
2021,5,Dacia,15,0.1
2021,5,BharatBenz,10,0.1
2021,5,Jaguar,7,0.1
2021,5,Jeep,7,0.1
2021,5,Ssangyong,3,0
2021,5,Smart,1,0
2021,5,Force Motors,1,0
2021,5,BYD,1,0
2021,5,Datsun,1,0
2021,6,Volkswagen,1482,13.5
2021,6,Toyota,1450,13.2
2021,6,Ford,1084,9.9
2021,6,Volvo,692,6.3
2021,6,Nissan,633,5.8
2021,6,Audi,579,5.3
2021,6,Mitsubishi,539,4.9
2021,6,BMW,494,4.5
2021,6,Hyundai,484,4.4
2021,6,MG,465,4.2
2021,6,Skoda,434,4
2021,6,Mahindra,371,3.4
2021,6,Kia,348,3.2
2021,6,Mercedes-Benz,339,3.1
2021,6,Ashok LeyLand,281,2.6
2021,6,Citroen,250,2.3
2021,6,Tata,245,2.2
2021,6,Honda,223,2
2021,6,Suzuki,148,1.4
2021,6,Fiat,97,0.9
2021,6,MINI,72,0.7
2021,6,Chevrolet,67,0.6
2021,6,Renault,44,0.4
2021,6,Lexus,35,0.3
2021,6,Land Rover,29,0.3
2021,6,BharatBenz,21,0.2
2021,6,Porsche,17,0.2
2021,6,Dacia,12,0.1
2021,6,Jaguar,4,0
2021,6,Force Motors,4,0
2021,6,Jeep,2,0
2021,6,Ssangyong,1,0
2021,6,Smart,1,0
2021,6,Iveco,1,0
2021,7,Toyota,1627,14.4
2021,7,Volkswagen,1556,13.8
2021,7,Volvo,901,8
2021,7,Ford,825,7.3
2021,7,Audi,687,6.1
2021,7,Nissan,648,5.7
2021,7,MG,644,5.7
2021,7,BMW,513,4.5
2021,7,Skoda,502,4.4
2021,7,Mitsubishi,455,4
2021,7,Mercedes-Benz,418,3.7
2021,7,Kia,413,3.7
2021,7,Mahindra,361,3.2
2021,7,Hyundai,344,3
2021,7,Ashok LeyLand,301,2.7
2021,7,Tata,220,1.9
2021,7,Citroen,212,1.9
2021,7,Honda,121,1.1
2021,7,Suzuki,114,1
2021,7,Renault,91,0.8
2021,7,MINI,79,0.7
2021,7,Chevrolet,54,0.5
2021,7,Lexus,53,0.5
2021,7,Fiat,52,0.5
2021,7,Porsche,43,0.4
2021,7,Land Rover,26,0.2
2021,7,BharatBenz,18,0.2
2021,7,Dacia,14,0.1
2021,7,Jeep,5,0
2021,7,Tesla,5,0
2021,7,Jaguar,3,0
2021,7,Smart,3,0
2021,7,Morgan,2,0
2021,7,Ssangyong,1,0
2021,7,Aston Martin,1,0
2021,8,Toyota,1666,14.3
2021,8,Volkswagen,1551,13.3
2021,8,Ford,897,7.7
2021,8,Nissan,725,6.2
2021,8,Audi,645,5.5
2021,8,MG,628,5.4
2021,8,BMW,620,5.3
2021,8,Volvo,581,5
2021,8,Mahindra,563,4.8
2021,8,Skoda,543,4.7
2021,8,Mercedes-Benz,513,4.4
2021,8,Kia,402,3.4
2021,8,Mitsubishi,387,3.3
2021,8,Hyundai,343,2.9
2021,8,Tata,238,2
2021,8,Ashok LeyLand,208,1.8
2021,8,Tesla,185,1.6
2021,8,Honda,182,1.6
2021,8,Citroen,165,1.4
2021,8,Suzuki,122,1
2021,8,Renault,119,1
2021,8,MINI,88,0.8
2021,8,Lexus,69,0.6
2021,8,Chevrolet,64,0.5
2021,8,Fiat,51,0.4
2021,8,Porsche,34,0.3
2021,8,Land Rover,28,0.2
2021,8,BharatBenz,21,0.2
2021,8,Dacia,13,0.1
2021,8,Jeep,4,0
2021,8,Jaguar,3,0
2021,8,Smart,1,0
2021,8,Ssangyong,1,0
2021,9,Toyota,1548,12.7
2021,9,Volkswagen,1512,12.4
2021,9,Volvo,1098,9
2021,9,Ford,733,6
2021,9,BMW,681,5.6
2021,9,Skoda,679,5.6
2021,9,Tesla,616,5.1
2021,9,Nissan,615,5.1
2021,9,MG,584,4.8
2021,9,Audi,554,4.6
2021,9,Kia,480,3.9
2021,9,Mitsubishi,418,3.4
2021,9,Mercedes-Benz,415,3.4
2021,9,Mahindra,402,3.3
2021,9,Hyundai,337,2.8
2021,9,Ashok LeyLand,265,2.2
2021,9,Tata,250,2.1
2021,9,Suzuki,199,1.6
2021,9,Honda,196,1.6
2021,9,Citroen,181,1.5
2021,9,Land Rover,73,0.6
2021,9,MINI,68,0.6
2021,9,Renault,62,0.5
2021,9,Chevrolet,60,0.5
2021,9,Lexus,47,0.4
2021,9,Fiat,42,0.3
2021,9,Porsche,17,0.1
2021,9,BharatBenz,11,0.1
2021,9,Dacia,10,0.1
2021,9,Smart,5,0
2021,9,Jeep,4,0
2021,9,Mia,2,0
2021,9,Jaguar,1,0
2021,9,Ssangyong,1,0
2021,9,Tazzari,1,0
2021,9,NA,1,0
2021,10,Toyota,1890,14.7
2021,10,Volkswagen,1550,12
2021,10,Volvo,1147,8.9
2021,10,Nissan,1075,8.3
2021,10,Ford,864,6.7
2021,10,Skoda,773,6
2021,10,Audi,664,5.2
2021,10,BMW,579,4.5
2021,10,Mahindra,463,3.6
2021,10,Kia,459,3.6
2021,10,MG,449,3.5
2021,10,Mercedes-Benz,444,3.4
2021,10,Mitsubishi,401,3.1
2021,10,Suzuki,380,2.9
2021,10,Hyundai,303,2.4
2021,10,Ashok LeyLand,285,2.2
2021,10,Tata,202,1.6
2021,10,Citroen,180,1.4
2021,10,Honda,171,1.3
2021,10,MINI,120,0.9
2021,10,Renault,109,0.8
2021,10,Tesla,98,0.8
2021,10,Lexus,68,0.5
2021,10,Chevrolet,55,0.4
2021,10,Land Rover,53,0.4
2021,10,Fiat,35,0.3
2021,10,Porsche,20,0.2
2021,10,BharatBenz,17,0.1
2021,10,Jeep,13,0.1
2021,10,Dacia,10,0.1
2021,10,Jaguar,8,0.1
2021,10,Smart,4,0
2021,10,Ssangyong,3,0
2021,10,Bentley,1,0
2021,11,Volkswagen,1735,14.4
2021,11,Toyota,1454,12
2021,11,Volvo,1053,8.7
2021,11,Skoda,789,6.5
2021,11,Ford,733,6.1
2021,11,Nissan,729,6
2021,11,BMW,586,4.9
2021,11,Tesla,527,4.4
2021,11,Audi,495,4.1
2021,11,Mercedes-Benz,494,4.1
2021,11,Kia,478,4
2021,11,MG,455,3.8
2021,11,Mahindra,436,3.6
2021,11,Mitsubishi,378,3.1
2021,11,Suzuki,272,2.3
2021,11,Ashok LeyLand,236,2
2021,11,Hyundai,211,1.7
2021,11,Tata,208,1.7
2021,11,Honda,189,1.6
2021,11,Citroen,181,1.5
2021,11,MINI,108,0.9
2021,11,Renault,93,0.8
2021,11,Lexus,54,0.4
2021,11,Land Rover,52,0.4
2021,11,Chevrolet,48,0.4
2021,11,Fiat,36,0.3
2021,11,Porsche,18,0.1
2021,11,Jeep,12,0.1
2021,11,BharatBenz,6,0
2021,11,Dacia,5,0
2021,11,Iveco,4,0
2021,11,Jaguar,1,0
2021,11,Ssangyong,1,0
2021,11,Maserati,1,0
2021,11,Seat,1,0
2021,12,Volvo,1884,16.5
2021,12,Volkswagen,1481,13
2021,12,Toyota,906,8
2021,12,Skoda,786,6.9
2021,12,Ford,756,6.6
2021,12,Mercedes-Benz,663,5.8
2021,12,Tesla,553,4.9
2021,12,Nissan,512,4.5
2021,12,Audi,475,4.2
2021,12,BMW,437,3.8
2021,12,Mitsubishi,376,3.3
2021,12,Kia,376,3.3
2021,12,Tata,334,2.9
2021,12,MG,288,2.5
2021,12,Suzuki,270,2.4
2021,12,Mahindra,251,2.2
2021,12,Ashok LeyLand,240,2.1
2021,12,Honda,221,1.9
2021,12,Hyundai,142,1.2
2021,12,Citroen,134,1.2
2021,12,Renault,73,0.6
2021,12,MINI,57,0.5
2021,12,Land Rover,56,0.5
2021,12,Fiat,36,0.3
2021,12,Chevrolet,32,0.3
2021,12,Dacia,16,0.1
2021,12,Lexus,13,0.1
2021,12,Porsche,9,0.1
2021,12,Jeep,6,0.1
2021,12,BharatBenz,5,0
2021,12,Smart,3,0
2021,12,Jaguar,2,0
2021,12,Ssangyong,1,0
2021,12,Binz,1,0
2022,1,Toyota,1501,13.2
2022,1,Volkswagen,1360,11.9
2022,1,BMW,919,8.1
2022,1,Nissan,872,7.7
2022,1,Mahindra,661,5.8
2022,1,Volvo,654,5.7
2022,1,Audi,633,5.6
2022,1,MG,610,5.4
2022,1,Ford,601,5.3
2022,1,Mercedes-Benz,531,4.7
2022,1,Skoda,521,4.6
2022,1,Suzuki,401,3.5
2022,1,Mitsubishi,389,3.4
2022,1,Tata,263,2.3
2022,1,Kia,236,2.1
2022,1,Hyundai,217,1.9
2022,1,Citroen,187,1.6
2022,1,Ashok LeyLand,187,1.6
2022,1,Tesla,132,1.2
2022,1,Honda,91,0.8
2022,1,Land Rover,79,0.7
2022,1,Renault,74,0.6
2022,1,Lexus,66,0.6
2022,1,MINI,66,0.6
2022,1,Chevrolet,47,0.4
2022,1,Fiat,31,0.3
2022,1,Porsche,26,0.2
2022,1,Jaguar,9,0.1
2022,1,Dacia,7,0.1
2022,1,Jeep,7,0.1
2022,1,BharatBenz,5,0
2022,1,Smart,2,0
2022,2,Volkswagen,1379,12.3
2022,2,Toyota,1352,12
2022,2,BMW,896,8
2022,2,Nissan,861,7.7
2022,2,Volvo,723,6.4
2022,2,Mahindra,608,5.4
2022,2,Skoda,566,5
2022,2,Audi,543,4.8
2022,2,Ford,524,4.7
2022,2,Mercedes-Benz,495,4.4
2022,2,Mitsubishi,451,4
2022,2,Tesla,431,3.8
2022,2,MG,372,3.3
2022,2,Kia,335,3
2022,2,Tata,293,2.6
2022,2,Suzuki,288,2.6
2022,2,Hyundai,211,1.9
2022,2,Ashok LeyLand,200,1.8
2022,2,Honda,175,1.6
2022,2,Citroen,168,1.5
2022,2,Land Rover,68,0.6
2022,2,Chevrolet,60,0.5
2022,2,Renault,59,0.5
2022,2,MINI,58,0.5
2022,2,Lexus,47,0.4
2022,2,Fiat,29,0.3
2022,2,Porsche,16,0.1
2022,2,Dacia,11,0.1
2022,2,Jeep,8,0.1
2022,2,Jaguar,6,0.1
2022,2,BharatBenz,5,0
2022,2,Force Motors,4,0
2022,2,Smart,2,0
2022,2,Maserati,2,0
2022,3,Volkswagen,1722,12.4
2022,3,Tesla,1493,10.8
2022,3,Toyota,1441,10.4
2022,3,BMW,1016,7.3
2022,3,Nissan,924,6.7
2022,3,Volvo,915,6.6
2022,3,Ford,700,5.1
2022,3,Audi,570,4.1
2022,3,Mitsubishi,560,4
2022,3,MG,555,4
2022,3,Skoda,543,3.9
2022,3,Mercedes-Benz,523,3.8
2022,3,Mahindra,490,3.5
2022,3,Tata,334,2.4
2022,3,Kia,307,2.2
2022,3,Citroen,270,1.9
2022,3,Renault,240,1.7
2022,3,Suzuki,238,1.7
2022,3,Ashok LeyLand,236,1.7
2022,3,Honda,236,1.7
2022,3,Hyundai,195,1.4
2022,3,Land Rover,92,0.7
2022,3,MINI,79,0.6
2022,3,Chevrolet,49,0.4
2022,3,Fiat,38,0.3
2022,3,Lexus,35,0.3
2022,3,Dacia,23,0.2
2022,3,Porsche,17,0.1
2022,3,BharatBenz,11,0.1
2022,3,Jaguar,4,0
2022,3,Jeep,4,0
2022,3,Maserati,1,0
2022,4,Volkswagen,1893,15.6
2022,4,Toyota,1229,10.1
2022,4,BMW,946,7.8
2022,4,Nissan,859,7.1
2022,4,Volvo,816,6.7
2022,4,Ford,803,6.6
2022,4,Audi,704,5.8
2022,4,Skoda,672,5.5
2022,4,Mercedes-Benz,546,4.5
2022,4,Mahindra,531,4.4
2022,4,Mitsubishi,498,4.1
2022,4,MG,390,3.2
2022,4,Kia,384,3.2
2022,4,Suzuki,237,2
2022,4,Tata,227,1.9
2022,4,Ashok LeyLand,213,1.8
2022,4,Hyundai,200,1.7
2022,4,Honda,188,1.6
2022,4,Tesla,171,1.4
2022,4,Citroen,164,1.4
2022,4,Renault,144,1.2
2022,4,MINI,82,0.7
2022,4,Porsche,45,0.4
2022,4,Land Rover,43,0.4
2022,4,Lexus,43,0.4
2022,4,Fiat,36,0.3
2022,4,Chevrolet,25,0.2
2022,4,Dacia,11,0.1
2022,4,BharatBenz,6,0
2022,4,Jeep,6,0
2022,4,Jaguar,3,0
2022,5,Volkswagen,1716,13.9
2022,5,Toyota,1458,11.8
2022,5,Volvo,859,7
2022,5,Nissan,766,6.2
2022,5,BMW,733,5.9
2022,5,Audi,721,5.8
2022,5,Skoda,692,5.6
2022,5,Ford,626,5.1
2022,5,MG,575,4.7
2022,5,Mercedes-Benz,555,4.5
2022,5,Mahindra,474,3.8
2022,5,Mitsubishi,440,3.6
2022,5,Kia,426,3.5
2022,5,Tesla,373,3
2022,5,Citroen,288,2.3
2022,5,Tata,275,2.2
2022,5,Hyundai,270,2.2
2022,5,Honda,235,1.9
2022,5,Suzuki,230,1.9
2022,5,Ashok LeyLand,159,1.3
2022,5,Renault,116,0.9
2022,5,MINI,72,0.6
2022,5,Lexus,57,0.5
2022,5,Porsche,56,0.5
2022,5,Fiat,50,0.4
2022,5,Land Rover,33,0.3
2022,5,Chevrolet,29,0.2
2022,5,Dacia,18,0.1
2022,5,Jeep,13,0.1
2022,5,BharatBenz,8,0.1
2022,5,Force Motors,5,0
2022,5,Jaguar,4,0
2022,5,Maserati,2,0
2022,5,Smart,1,0
2022,5,Cadillac,1,0
2022,5,Morgan,1,0
2022,6,Volkswagen,1620,14.2
2022,6,Toyota,1306,11.4
2022,6,Volvo,852,7.4
2022,6,Ford,787,6.9
2022,6,BMW,644,5.6
2022,6,Nissan,586,5.1
2022,6,Skoda,577,5
2022,6,Audi,548,4.8
2022,6,Tesla,536,4.7
2022,6,Mahindra,515,4.5
2022,6,MG,491,4.3
2022,6,Mercedes-Benz,450,3.9
2022,6,Mitsubishi,399,3.5
2022,6,Kia,375,3.3
2022,6,Citroen,303,2.6
2022,6,Tata,241,2.1
2022,6,Honda,229,2
2022,6,Hyundai,223,1.9
2022,6,Suzuki,167,1.5
2022,6,Ashok LeyLand,147,1.3
2022,6,Renault,120,1
2022,6,MINI,78,0.7
2022,6,Porsche,49,0.4
2022,6,Lexus,39,0.3
2022,6,Jeep,39,0.3
2022,6,Land Rover,35,0.3
2022,6,Fiat,35,0.3
2022,6,Chevrolet,29,0.3
2022,6,Dacia,10,0.1
2022,6,BharatBenz,4,0
2022,6,Maserati,3,0
2022,6,Jaguar,2,0
2022,6,Smart,1,0
2022,6,Isuzu,1,0
2022,7,Volkswagen,2197,18.8
2022,7,Toyota,1270,10.9
2022,7,Volvo,930,8
2022,7,Nissan,677,5.8
2022,7,BMW,670,5.7
2022,7,Ford,645,5.5
2022,7,Skoda,632,5.4
2022,7,Audi,609,5.2
2022,7,MG,565,4.8
2022,7,Mercedes-Benz,542,4.6
2022,7,Mitsubishi,438,3.7
2022,7,Mahindra,432,3.7
2022,7,Kia,397,3.4
2022,7,Tata,239,2
2022,7,Suzuki,219,1.9
2022,7,Citroen,195,1.7
2022,7,Ashok LeyLand,177,1.5
2022,7,Hyundai,159,1.4
2022,7,Honda,138,1.2
2022,7,Renault,130,1.1
2022,7,Tesla,114,1
2022,7,MINI,79,0.7
2022,7,Lexus,43,0.4
2022,7,Chevrolet,37,0.3
2022,7,Porsche,34,0.3
2022,7,Land Rover,29,0.2
2022,7,Fiat,29,0.2
2022,7,Jeep,29,0.2
2022,7,Dacia,14,0.1
2022,7,BharatBenz,12,0.1
2022,7,Jaguar,3,0
2022,7,Maserati,2,0
2022,7,Tazzari,2,0
2022,7,Smart,1,0
2022,7,Ferrari,1,0
2022,8,Volkswagen,2065,18
2022,8,Toyota,1233,10.8
2022,8,BMW,816,7.1
2022,8,Nissan,750,6.6
2022,8,Skoda,653,5.7
2022,8,Mahindra,642,5.6
2022,8,Volvo,614,5.4
2022,8,Ford,604,5.3
2022,8,MG,600,5.2
2022,8,Audi,575,5
2022,8,Mitsubishi,457,4
2022,8,Mercedes-Benz,438,3.8
2022,8,Kia,291,2.5
2022,8,Citroen,232,2
2022,8,Suzuki,193,1.7
2022,8,Ashok LeyLand,186,1.6
2022,8,Tata,184,1.6
2022,8,Tesla,183,1.6
2022,8,Hyundai,143,1.2
2022,8,Honda,142,1.2
2022,8,Renault,122,1.1
2022,8,MINI,82,0.7
2022,8,Lexus,53,0.5
2022,8,Land Rover,36,0.3
2022,8,Fiat,36,0.3
2022,8,Porsche,29,0.3
2022,8,Chevrolet,26,0.2
2022,8,Jeep,25,0.2
2022,8,BharatBenz,15,0.1
2022,8,Dacia,8,0.1
2022,8,Jaguar,5,0
2022,8,Maserati,3,0
2022,8,Smart,2,0
2022,8,Morgan,1,0
2022,9,Volkswagen,1707,14.7
2022,9,Toyota,1463,12.6
2022,9,Volvo,901,7.8
2022,9,Nissan,709,6.1
2022,9,BMW,670,5.8
2022,9,Ford,597,5.2
2022,9,MG,593,5.1
2022,9,Mahindra,568,4.9
2022,9,Skoda,554,4.8
2022,9,Mercedes-Benz,500,4.3
2022,9,Mitsubishi,486,4.2
2022,9,Audi,448,3.9
2022,9,Kia,448,3.9
2022,9,Ashok LeyLand,287,2.5
2022,9,Tata,260,2.2
2022,9,Suzuki,259,2.2
2022,9,Hyundai,211,1.8
2022,9,Honda,191,1.6
2022,9,Citroen,173,1.5
2022,9,Renault,119,1
2022,9,Tesla,104,0.9
2022,9,MINI,98,0.8
2022,9,Lexus,92,0.8
2022,9,Chevrolet,41,0.4
2022,9,Land Rover,26,0.2
2022,9,Porsche,23,0.2
2022,9,Fiat,19,0.2
2022,9,Jeep,17,0.1
2022,9,BharatBenz,8,0.1
2022,9,Dacia,7,0.1
2022,9,Jaguar,4,0
2022,9,Isuzu,1,0
2022,9,Ssangyong,1,0
2022,10,Volkswagen,2061,15.9
2022,10,Toyota,1451,11.2
2022,10,Volvo,1039,8
2022,10,Nissan,867,6.7
2022,10,Skoda,790,6.1
2022,10,BMW,778,6
2022,10,Ford,691,5.3
2022,10,Mercedes-Benz,622,4.8
2022,10,Audi,606,4.7
2022,10,Mahindra,601,4.6
2022,10,MG,525,4
2022,10,Mitsubishi,452,3.5
2022,10,Kia,408,3.1
2022,10,Citroen,347,2.7
2022,10,Suzuki,273,2.1
2022,10,Ashok LeyLand,262,2
2022,10,Tata,258,2
2022,10,Renault,195,1.5
2022,10,Honda,181,1.4
2022,10,Hyundai,150,1.2
2022,10,Lexus,123,0.9
2022,10,MINI,92,0.7
2022,10,Porsche,42,0.3
2022,10,Tesla,36,0.3
2022,10,Fiat,26,0.2
2022,10,Land Rover,25,0.2
2022,10,Jeep,19,0.1
2022,10,Chevrolet,15,0.1
2022,10,Dacia,11,0.1
2022,10,BharatBenz,7,0.1
2022,10,Jaguar,3,0
2022,10,Maserati,3,0
2022,10,Smart,1,0
2022,10,Cadillac,1,0
2022,10,Ferrari,1,0
2022,10,Ssangyong,1,0
2022,11,Volkswagen,1920,16.7
2022,11,Toyota,1241,10.8
2022,11,Volvo,950,8.3
2022,11,BMW,710,6.2
2022,11,Nissan,687,6
2022,11,Mercedes-Benz,639,5.6
2022,11,Skoda,585,5.1
2022,11,Ford,562,4.9
2022,11,MG,533,4.6
2022,11,Audi,516,4.5
2022,11,Mahindra,506,4.4
2022,11,Kia,443,3.9
2022,11,Mitsubishi,351,3.1
2022,11,Citroen,215,1.9
2022,11,Ashok LeyLand,207,1.8
2022,11,Tesla,202,1.8
2022,11,Suzuki,200,1.7
2022,11,Tata,182,1.6
2022,11,Honda,162,1.4
2022,11,Renault,153,1.3
2022,11,Lexus,135,1.2
2022,11,Hyundai,131,1.1
2022,11,MINI,84,0.7
2022,11,Land Rover,53,0.5
2022,11,Porsche,31,0.3
2022,11,Fiat,26,0.2
2022,11,Dacia,24,0.2
2022,11,Jeep,14,0.1
2022,11,Chevrolet,13,0.1
2022,11,Jaguar,4,0
2022,11,Force Motors,4,0
2022,11,BharatBenz,2,0
2022,11,Maserati,1,0
2022,12,Volvo,2072,16.4
2022,12,Volkswagen,2020,16
2022,12,Toyota,1055,8.3
2022,12,BMW,804,6.4
2022,12,Mercedes-Benz,762,6
2022,12,Ford,681,5.4
2022,12,Skoda,666,5.3
2022,12,Nissan,634,5
2022,12,Audi,604,4.8
2022,12,Mahindra,527,4.2
2022,12,Kia,359,2.8
2022,12,Mitsubishi,317,2.5
2022,12,MG,310,2.5
2022,12,Tesla,267,2.1
2022,12,Ashok LeyLand,217,1.7
2022,12,Citroen,209,1.7
2022,12,Tata,191,1.5
2022,12,Renault,161,1.3
2022,12,Honda,159,1.3
2022,12,Suzuki,143,1.1
2022,12,Hyundai,133,1.1
2022,12,MINI,70,0.6
2022,12,Lexus,59,0.5
2022,12,Land Rover,59,0.5
2022,12,Chevrolet,54,0.4
2022,12,Porsche,49,0.4
2022,12,Jeep,27,0.2
2022,12,Fiat,26,0.2
2022,12,Dacia,9,0.1
2022,12,Jaguar,2,0
2022,12,Maserati,2,0
2022,12,BharatBenz,1,0
2022,12,Force Motors,1,0
2023,1,Volkswagen,2057,19.5
2023,1,Toyota,1372,13
2023,1,Nissan,848,8.1
2023,1,BMW,649,6.2
2023,1,Ford,593,5.6
2023,1,Mercedes-Benz,543,5.2
2023,1,Mitsubishi,502,4.8
2023,1,Skoda,473,4.5
2023,1,MG,393,3.7
2023,1,Mahindra,373,3.5
2023,1,Volvo,321,3.1
2023,1,Kia,315,3
2023,1,Audi,302,2.9
2023,1,Suzuki,284,2.7
2023,1,Hyundai,283,2.7
2023,1,Tata,273,2.6
2023,1,Citroen,202,1.9
2023,1,Lexus,137,1.3
2023,1,Renault,127,1.2
2023,1,Honda,118,1.1
2023,1,Ashok LeyLand,95,0.9
2023,1,Tesla,71,0.7
2023,1,MINI,62,0.6
2023,1,Land Rover,32,0.3
2023,1,Porsche,28,0.3
2023,1,Jeep,25,0.2
2023,1,Fiat,15,0.1
2023,1,Dacia,13,0.1
2023,1,BharatBenz,9,0.1
2023,1,Jaguar,8,0.1
2023,2,Volkswagen,1895,17.7
2023,2,Toyota,1436,13.4
2023,2,Nissan,761,7.1
2023,2,Ford,666,6.2
2023,2,BMW,636,6
2023,2,Skoda,539,5
2023,2,Mercedes-Benz,537,5
2023,2,Audi,474,4.4
2023,2,Volvo,438,4.1
2023,2,Mahindra,401,3.8
2023,2,MG,357,3.3
2023,2,Tesla,321,3
2023,2,Kia,315,2.9
2023,2,Mitsubishi,302,2.8
2023,2,Suzuki,249,2.3
2023,2,Tata,241,2.3
2023,2,Ashok LeyLand,224,2.1
2023,2,Honda,163,1.5
2023,2,Hyundai,148,1.4
2023,2,Renault,147,1.4
2023,2,Citroen,112,1
2023,2,Lexus,106,1
2023,2,MINI,57,0.5
2023,2,Land Rover,44,0.4
2023,2,Porsche,37,0.3
2023,2,Dacia,22,0.2
2023,2,Jeep,19,0.2
2023,2,Polaris,19,0.2
2023,2,Fiat,13,0.1
2023,2,Smart,3,0
2023,2,Jaguar,2,0
2023,2,BharatBenz,1,0
2023,3,Volkswagen,2274,16.1
2023,3,Toyota,1509,10.7
2023,3,Tesla,1140,8.1
2023,3,Nissan,1057,7.5
2023,3,Volvo,875,6.2
2023,3,Ford,829,5.9
2023,3,BMW,785,5.5
2023,3,Skoda,679,4.8
2023,3,Audi,598,4.2
2023,3,Mahindra,525,3.7
2023,3,Mercedes-Benz,492,3.5
2023,3,MG,390,2.8
2023,3,Kia,376,2.7
2023,3,Mitsubishi,374,2.6
2023,3,Tata,344,2.4
2023,3,Suzuki,311,2.2
2023,3,Renault,296,2.1
2023,3,Ashok LeyLand,294,2.1
2023,3,Honda,271,1.9
2023,3,Hyundai,202,1.4
2023,3,Citroen,186,1.3
2023,3,Lexus,97,0.7
2023,3,Land Rover,79,0.6
2023,3,MINI,72,0.5
2023,3,Porsche,28,0.2
2023,3,Dacia,23,0.2
2023,3,Fiat,22,0.2
2023,3,Jeep,19,0.1
2023,3,BharatBenz,3,0
2023,3,Smart,3,0
2023,3,Chevrolet,2,0
2023,3,Maserati,2,0
2023,3,Jaguar,1,0
2023,3,Ferrari,1,0
2023,4,Volkswagen,2667,20.9
2023,4,Toyota,1274,10
2023,4,BMW,733,5.7
2023,4,Volvo,729,5.7
2023,4,Skoda,725,5.7
2023,4,Audi,665,5.2
2023,4,Mercedes-Benz,646,5.1
2023,4,Ford,634,5
2023,4,MG,558,4.4
2023,4,Nissan,543,4.2
2023,4,Mahindra,541,4.2
2023,4,Mitsubishi,418,3.3
2023,4,Ashok LeyLand,365,2.9
2023,4,Kia,354,2.8
2023,4,Citroen,305,2.4
2023,4,Tata,259,2
2023,4,Tesla,230,1.8
2023,4,Renault,215,1.7
2023,4,Suzuki,214,1.7
2023,4,Hyundai,212,1.7
2023,4,Honda,147,1.2
2023,4,MINI,92,0.7
2023,4,Lexus,73,0.6
2023,4,Land Rover,56,0.4
2023,4,Porsche,39,0.3
2023,4,Fiat,25,0.2
2023,4,Jeep,24,0.2
2023,4,Dacia,17,0.1
2023,4,Smart,6,0
2023,4,Force Motors,5,0
2023,4,Jaguar,4,0
2023,4,BharatBenz,3,0
2023,4,Aston Martin,2,0
2023,4,Chevrolet US,1,0
2023,4,Lexus,1,0
2023,5,Volkswagen,2076,17.2
2023,5,Toyota,1159,9.6
2023,5,Volvo,942,7.8
2023,5,Ford,747,6.2
2023,5,BMW,693,5.8
2023,5,Mercedes-Benz,679,5.6
2023,5,Skoda,585,4.9
2023,5,Audi,585,4.9
2023,5,Mitsubishi,577,4.8
2023,5,Nissan,514,4.3
2023,5,MG,508,4.2
2023,5,Mahindra,490,4.1
2023,5,Kia,390,3.2
2023,5,Tesla,346,2.9
2023,5,Ashok LeyLand,319,2.7
2023,5,Tata,275,2.3
2023,5,Suzuki,253,2.1
2023,5,Renault,158,1.3
2023,5,Citroen,153,1.3
2023,5,Honda,143,1.2
2023,5,Hyundai,123,1
2023,5,Lexus,76,0.6
2023,5,MINI,63,0.5
2023,5,Land Rover,51,0.4
2023,5,Fiat,34,0.3
2023,5,Porsche,30,0.2
2023,5,Smart,26,0.2
2023,5,Jeep,24,0.2
2023,5,Jaguar,6,0
2023,5,Dacia,3,0
2023,5,BharatBenz,3,0
2023,5,Aston Martin,2,0
2023,5,Chevrolet US,1,0
2023,5,Lancia,1,0
2023,5,Morgan,1,0
2023,6,Volkswagen,2501,17.6
2023,6,Toyota,1409,9.9
2023,6,Volvo,1099,7.7
2023,6,BMW,849,6
2023,6,Nissan,692,4.9
2023,6,Ford,670,4.7
2023,6,Skoda,645,4.5
2023,6,Audi,640,4.5
2023,6,Mitsubishi,640,4.5
2023,6,MG,635,4.5
2023,6,Mercedes-Benz,618,4.3
2023,6,Tesla,566,4
2023,6,Renault,496,3.5
2023,6,Mahindra,472,3.3
2023,6,Kia,419,2.9
2023,6,Ashok LeyLand,316,2.2
2023,6,Tata,290,2
2023,6,Hyundai,237,1.7
2023,6,Honda,234,1.6
2023,6,Suzuki,228,1.6
2023,6,Citroen,198,1.4
2023,6,Lexus,109,0.8
2023,6,MINI,65,0.5
2023,6,Land Rover,44,0.3
2023,6,Porsche,38,0.3
2023,6,Fiat,22,0.2
2023,6,Jeep,19,0.1
2023,6,Jaguar,18,0.1
2023,6,Smart,16,0.1
2023,6,Dacia,14,0.1
2023,6,BharatBenz,3,0
2023,6,Force Motors,2,0
2023,6,Lancia,1,0
2023,6,Seat,1,0
2023,6,Ssangyong,1,0
2023,7,Volkswagen,2415,19.5
2023,7,Toyota,1458,11.8
2023,7,Volvo,826,6.7
2023,7,Nissan,759,6.1
2023,7,Audi,754,6.1
2023,7,Mercedes-Benz,695,5.6
2023,7,Ford,642,5.2
2023,7,Skoda,627,5.1
2023,7,BMW,617,5
2023,7,MG,598,4.8
2023,7,Mahindra,477,3.8
2023,7,Kia,377,3
2023,7,Ashok LeyLand,328,2.6
2023,7,Mitsubishi,290,2.3
2023,7,Tata,235,1.9
2023,7,Tesla,222,1.8
2023,7,Suzuki,203,1.6
2023,7,Hyundai,181,1.5
2023,7,Renault,136,1.1
2023,7,Citroen,133,1.1
2023,7,MINI,102,0.8
2023,7,Lexus,99,0.8
2023,7,Honda,89,0.7
2023,7,Porsche,34,0.3
2023,7,Land Rover,25,0.2
2023,7,Jeep,20,0.2
2023,7,Fiat,18,0.1
2023,7,BharatBenz,9,0.1
2023,7,Smart,8,0.1
2023,7,Jaguar,8,0.1
2023,7,Dacia,7,0.1
2023,7,Cadillac,1,0
2023,7,Lotus,1,0
2023,8,Volkswagen,2254,17.9
2023,8,Toyota,1461,11.6
2023,8,Ford,866,6.9
2023,8,BMW,860,6.8
2023,8,Nissan,722,5.7
2023,8,Skoda,666,5.3
2023,8,Mercedes-Benz,659,5.2
2023,8,MG,620,4.9
2023,8,Audi,541,4.3
2023,8,Mahindra,531,4.2
2023,8,Volvo,518,4.1
2023,8,Kia,505,4
2023,8,Ashok LeyLand,338,2.7
2023,8,Suzuki,332,2.6
2023,8,Tata,287,2.3
2023,8,Mitsubishi,284,2.3
2023,8,Tesla,220,1.7
2023,8,Hyundai,199,1.6
2023,8,Honda,151,1.2
2023,8,Renault,133,1.1
2023,8,Citroen,115,0.9
2023,8,Lexus,105,0.8
2023,8,MINI,71,0.6
2023,8,Land Rover,44,0.3
2023,8,Porsche,36,0.3
2023,8,Jeep,29,0.2
2023,8,Fiat,22,0.2
2023,8,Jaguar,11,0.1
2023,8,Dacia,10,0.1
2023,8,Smart,7,0.1
2023,8,BharatBenz,4,0
2023,8,Maserati,1,0
2023,8,Seat,1,0
2023,8,Ssangyong,1,0
2023,9,Volkswagen,1768,14.2
2023,9,Toyota,1527,12.3
2023,9,Nissan,977,7.9
2023,9,Volvo,827,6.7
2023,9,BMW,777,6.3
2023,9,MG,679,5.5
2023,9,Mercedes-Benz,677,5.5
2023,9,Ford,648,5.2
2023,9,Skoda,548,4.4
2023,9,Audi,494,4
2023,9,Mahindra,439,3.5
2023,9,Mitsubishi,437,3.5
2023,9,Kia,384,3.1
2023,9,Suzuki,311,2.5
2023,9,Ashok LeyLand,301,2.4
2023,9,Hyundai,300,2.4
2023,9,Tata,259,2.1
2023,9,Renault,240,1.9
2023,9,Honda,212,1.7
2023,9,Citroen,149,1.2
2023,9,Tesla,127,1
2023,9,Lexus,92,0.7
2023,9,MINI,82,0.7
2023,9,Land Rover,50,0.4
2023,9,Porsche,28,0.2
2023,9,Fiat,20,0.2
2023,9,Smart,17,0.1
2023,9,Jeep,15,0.1
2023,9,Jaguar,14,0.1
2023,9,Dacia,12,0.1
2023,9,BharatBenz,5,0
2023,9,Force Motors,4,0
2023,9,Chevrolet,1,0
2023,10,Volkswagen,2210,16.7
2023,10,Toyota,1443,10.9
2023,10,BMW,1010,7.7
2023,10,Volvo,954,7.2
2023,10,Nissan,759,5.8
2023,10,Skoda,717,5.4
2023,10,Ford,706,5.3
2023,10,MG,635,4.8
2023,10,Mitsubishi,614,4.7
2023,10,Mercedes-Benz,566,4.3
2023,10,Audi,549,4.2
2023,10,Mahindra,475,3.6
2023,10,Kia,363,2.8
2023,10,Suzuki,299,2.3
2023,10,Ashok LeyLand,296,2.2
2023,10,Tata,258,2
2023,10,Renault,253,1.9
2023,10,Citroen,216,1.6
2023,10,Honda,206,1.6
2023,10,Tesla,198,1.5
2023,10,Hyundai,177,1.3
2023,10,Lexus,70,0.5
2023,10,MINI,58,0.4
2023,10,Land Rover,49,0.4
2023,10,Porsche,49,0.4
2023,10,Fiat,17,0.1
2023,10,Jaguar,16,0.1
2023,10,Jeep,14,0.1
2023,10,Dacia,8,0.1
2023,10,Smart,8,0.1
2023,10,Ssangyong,2,0
2023,10,Chevrolet US,1,0
2023,10,Isuzu,1,0
2023,11,Volkswagen,2346,18.6
2023,11,Toyota,1102,8.7
2023,11,Volvo,937,7.4
2023,11,BMW,934,7.4
2023,11,Ford,724,5.7
2023,11,MG,713,5.7
2023,11,Mercedes-Benz,694,5.5
2023,11,Mitsubishi,679,5.4
2023,11,Skoda,642,5.1
2023,11,Audi,592,4.7
2023,11,Nissan,455,3.6
2023,11,Mahindra,400,3.2
2023,11,Kia,379,3
2023,11,Tata,291,2.3
2023,11,Ashok LeyLand,232,1.8
2023,11,Honda,230,1.8
2023,11,Tesla,225,1.8
2023,11,Suzuki,220,1.7
2023,11,Hyundai,201,1.6
2023,11,Citroen,191,1.5
2023,11,Renault,171,1.4
2023,11,Lexus,58,0.5
2023,11,MINI,55,0.4
2023,11,Land Rover,53,0.4
2023,11,Porsche,20,0.2
2023,11,Jeep,14,0.1
2023,11,Fiat,12,0.1
2023,11,Smart,9,0.1
2023,11,Jaguar,9,0.1
2023,11,Dacia,5,0
2023,11,Force Motors,4,0
2023,11,BharatBenz,3,0
2023,12,Volkswagen,1881,14.4
2023,12,Volvo,1512,11.6
2023,12,BMW,1024,7.8
2023,12,Mercedes-Benz,872,6.7
2023,12,Toyota,866,6.6
2023,12,Ford,737,5.6
2023,12,Mitsubishi,673,5.1
2023,12,Ashok LeyLand,646,4.9
2023,12,Skoda,644,4.9
2023,12,MG,616,4.7
2023,12,Audi,496,3.8
2023,12,Kia,458,3.5
2023,12,Mahindra,418,3.2
2023,12,Tesla,373,2.9
2023,12,Renault,310,2.4
2023,12,Tata,305,2.3
2023,12,Nissan,230,1.8
2023,12,Hyundai,209,1.6
2023,12,Suzuki,183,1.4
2023,12,Honda,163,1.2
2023,12,Citroen,158,1.2
2023,12,Land Rover,75,0.6
2023,12,MINI,62,0.5
2023,12,Lexus,48,0.4
2023,12,Fiat,44,0.3
2023,12,Porsche,18,0.1
2023,12,Jaguar,18,0.1
2023,12,Smart,16,0.1
2023,12,Jeep,11,0.1
2023,12,Dacia,7,0.1
2023,12,BharatBenz,3,0
2023,12,Ssangyong,1,0
2023,12,DS,1,0
2024,1,Volkswagen,1743,15.9
2024,1,Toyota,1106,10.1
2024,1,BMW,1089,9.9
2024,1,Ford,752,6.8
2024,1,Nissan,673,6.1
2024,1,Mercedes-Benz,661,6
2024,1,Volvo,643,5.9
2024,1,MG,621,5.7
2024,1,Audi,559,5.1
2024,1,Skoda,528,4.8
2024,1,Mahindra,437,4
2024,1,Suzuki,311,2.8
2024,1,Renault,250,2.3
2024,1,Tata,237,2.2
2024,1,Kia,216,2
2024,1,Mitsubishi,199,1.8
2024,1,Citroen,181,1.6
2024,1,Hyundai,147,1.3
2024,1,Lexus,147,1.3
2024,1,Honda,135,1.2
2024,1,Tesla,105,1
2024,1,MINI,67,0.6
2024,1,Porsche,60,0.5
2024,1,Land Rover,35,0.3
2024,1,Ashok LeyLand,32,0.3
2024,1,Jaguar,19,0.2
2024,1,DS,13,0.1
2024,1,Ssangyong,8,0.1
2024,1,Smart,6,0.1
2024,1,Fiat,5,0
2024,1,Jeep,4,0
2024,1,Dacia,1,0
2024,1,Maserati,1,0
2024,2,Volkswagen,2044,16.7
2024,2,Toyota,1374,11.2
2024,2,BMW,899,7.4
2024,2,Nissan,842,6.9
2024,2,Ford,754,6.2
2024,2,Skoda,753,6.2
2024,2,Volvo,732,6
2024,2,MG,651,5.3
2024,2,Mercedes-Benz,625,5.1
2024,2,Mitsubishi,607,5
2024,2,Audi,531,4.3
2024,2,Mahindra,428,3.5
2024,2,Kia,389,3.2
2024,2,Tata,274,2.2
2024,2,Suzuki,269,2.2
2024,2,Citroen,164,1.3
2024,2,Honda,151,1.2
2024,2,Hyundai,121,1
2024,2,Tesla,113,0.9
2024,2,Renault,111,0.9
2024,2,Ashok LeyLand,99,0.8
2024,2,Lexus,95,0.8
2024,2,MINI,50,0.4
2024,2,Land Rover,40,0.3
2024,2,Porsche,34,0.3
2024,2,Dacia,21,0.2
2024,2,DS,14,0.1
2024,2,Smart,11,0.1
2024,2,Ssangyong,8,0.1
2024,2,Jaguar,5,0
2024,2,Fiat,5,0
2024,2,Jeep,4,0
2024,2,Maserati,2,0
2024,2,BharatBenz,2,0
2024,3,Volkswagen,2236,16.1
2024,3,Toyota,1537,11.1
2024,3,Nissan,1105,8
2024,3,BMW,933,6.7
2024,3,Mitsubishi,825,5.9
2024,3,Mercedes-Benz,817,5.9
2024,3,Ford,717,5.2
2024,3,Volvo,687,5
2024,3,Skoda,662,4.8
2024,3,MG,550,4
2024,3,Audi,543,3.9
2024,3,Tesla,487,3.5
2024,3,Renault,453,3.3
2024,3,Mahindra,405,2.9
2024,3,Kia,367,2.6
2024,3,Suzuki,292,2.1
2024,3,Tata,279,2
2024,3,Honda,182,1.3
2024,3,Ashok LeyLand,169,1.2
2024,3,Hyundai,159,1.1
2024,3,Citroen,155,1.1
2024,3,Lexus,74,0.5
2024,3,MINI,55,0.4
2024,3,DS,37,0.3
2024,3,Land Rover,33,0.2
2024,3,Porsche,30,0.2
2024,3,Dacia,24,0.2
2024,3,Jaguar,19,0.1
2024,3,Fiat,17,0.1
2024,3,Jeep,8,0.1
2024,3,Smart,6,0
2024,3,Ssangyong,5,0
2024,3,BharatBenz,3,0
2024,3,Aston Martin,2,0
2024,3,Force Motors,2,0
2024,4,Volkswagen,3017,21.4
2024,4,Toyota,1432,10.1
2024,4,BMW,1052,7.5
2024,4,Skoda,785,5.6
2024,4,Nissan,782,5.5
2024,4,Volvo,748,5.3
2024,4,Ford,715,5.1
2024,4,Audi,685,4.9
2024,4,Mercedes-Benz,661,4.7
2024,4,Mitsubishi,630,4.5
2024,4,MG,564,4
2024,4,Mahindra,483,3.4
2024,4,Kia,376,2.7
2024,4,Tata,352,2.5
2024,4,Renault,325,2.3
2024,4,Ashok LeyLand,279,2
2024,4,Suzuki,252,1.8
2024,4,Hyundai,212,1.5
2024,4,Honda,186,1.3
2024,4,Citroen,146,1
2024,4,Tesla,96,0.7
2024,4,Lexus,71,0.5
2024,4,MINI,53,0.4
2024,4,Porsche,49,0.3
2024,4,DS,49,0.3
2024,4,Land Rover,32,0.2
2024,4,Dacia,28,0.2
2024,4,Jaguar,18,0.1
2024,4,Fiat,14,0.1
2024,4,Smart,11,0.1
2024,4,Ssangyong,6,0
2024,4,Jeep,4,0
2024,4,BharatBenz,3,0
2024,5,Volkswagen,2222,17.3
2024,5,Toyota,1687,13.1
2024,5,Mercedes-Benz,872,6.8
2024,5,BMW,832,6.5
2024,5,Ford,751,5.8
2024,5,Skoda,722,5.6
2024,5,Mitsubishi,659,5.1
2024,5,Volvo,619,4.8
2024,5,Nissan,592,4.6
2024,5,MG,565,4.4
2024,5,Audi,540,4.2
2024,5,Mahindra,404,3.1
2024,5,Tata,397,3.1
2024,5,Kia,349,2.7
2024,5,Hyundai,237,1.8
2024,5,Suzuki,232,1.8
2024,5,Ashok LeyLand,218,1.7
2024,5,Renault,160,1.2
2024,5,Honda,158,1.2
2024,5,Tesla,156,1.2
2024,5,Citroen,155,1.2
2024,5,MINI,80,0.6
2024,5,Lexus,73,0.6
2024,5,Porsche,42,0.3
2024,5,Land Rover,38,0.3
2024,5,Jaguar,38,0.3
2024,5,DS,19,0.1
2024,5,Dacia,18,0.1
2024,5,Fiat,7,0.1
2024,5,Smart,6,0
2024,5,Jeep,6,0
2024,5,Force Motors,4,0
2024,5,Ferrari,2,0
2024,5,Ssangyong,1,0
2024,5,BharatBenz,1,0
2024,5,Cadillac,1,0
2024,5,Morgan,1,0
2024,6,Volkswagen,2287,16.7
2024,6,Toyota,1603,11.7
2024,6,Ford,854,6.2
2024,6,Mercedes-Benz,826,6
2024,6,BMW,808,5.9
2024,6,Volvo,766,5.6
2024,6,Skoda,721,5.3
2024,6,Mitsubishi,698,5.1
2024,6,Nissan,640,4.7
2024,6,MG,611,4.5
2024,6,Audi,551,4
2024,6,Renault,490,3.6
2024,6,Mahindra,400,2.9
2024,6,Tata,389,2.8
2024,6,Kia,373,2.7
2024,6,Tesla,291,2.1
2024,6,Ashok LeyLand,275,2
2024,6,Hyundai,199,1.5
2024,6,Honda,189,1.4
2024,6,Suzuki,185,1.4
2024,6,MINI,127,0.9
2024,6,Citroen,117,0.9
2024,6,Lexus,74,0.5
2024,6,Land Rover,50,0.4
2024,6,Jaguar,46,0.3
2024,6,Porsche,40,0.3
2024,6,Dacia,27,0.2
2024,6,DS,18,0.1
2024,6,Fiat,5,0
2024,6,Smart,5,0
2024,6,Ssangyong,5,0
2024,6,Jeep,4,0
2024,6,BharatBenz,2,0
2024,6,Force Motors,2,0
2024,6,Aston Martin,1,0
2024,6,Bentley,1,0
2024,6,Chevrolet US,1,0
2024,7,Volkswagen,2076,18.8
2024,7,Toyota,1127,10.2
2024,7,Audi,687,6.2
2024,7,Mitsubishi,641,5.8
2024,7,BMW,636,5.8
2024,7,Volvo,635,5.8
2024,7,Mercedes-Benz,607,5.5
2024,7,Skoda,602,5.5
2024,7,Nissan,590,5.3
2024,7,Ford,510,4.6
2024,7,MG,489,4.4
2024,7,Kia,339,3.1
2024,7,Mahindra,314,2.8
2024,7,Tata,311,2.8
2024,7,Hyundai,229,2.1
2024,7,Suzuki,213,1.9
2024,7,Ashok LeyLand,201,1.8
2024,7,Citroen,175,1.6
2024,7,Honda,145,1.3
2024,7,Renault,128,1.2
2024,7,MINI,97,0.9
2024,7,Lexus,89,0.8
2024,7,Tesla,66,0.6
2024,7,Porsche,28,0.3
2024,7,Land Rover,24,0.2
2024,7,Jaguar,23,0.2
2024,7,DS,20,0.2
2024,7,Ssangyong,9,0.1
2024,7,Dacia,8,0.1
2024,7,Jeep,8,0.1
2024,7,Force Motors,4,0
2024,7,Fiat,3,0
2024,7,Smart,1,0
2024,7,BharatBenz,1,0
2024,7,Maserati,1,0
2024,7,Ferrari,1,0
2024,7,Bentley,1,0
2024,7,Morgan,1,0
2024,8,Volkswagen,2359,17.8
2024,8,Toyota,1824,13.8
2024,8,BMW,1031,7.8
2024,8,Mercedes-Benz,881,6.7
2024,8,Audi,794,6
2024,8,Nissan,627,4.7
2024,8,Ford,625,4.7
2024,8,Skoda,529,4
2024,8,MG,518,3.9
2024,8,Mitsubishi,499,3.8
2024,8,Volvo,463,3.5
2024,8,Mahindra,461,3.5
2024,8,Kia,401,3
2024,8,Tesla,338,2.6
2024,8,Tata,282,2.1
2024,8,Ashok LeyLand,268,2
2024,8,Suzuki,229,1.7
2024,8,Honda,201,1.5
2024,8,Hyundai,165,1.2
2024,8,Citroen,162,1.2
2024,8,Lexus,142,1.1
2024,8,Renault,134,1
2024,8,MINI,79,0.6
2024,8,Jaguar,42,0.3
2024,8,Dacia,40,0.3
2024,8,Porsche,38,0.3
2024,8,Land Rover,35,0.3
2024,8,Fiat,19,0.1
2024,8,Jeep,13,0.1
2024,8,DS,10,0.1
2024,8,Ssangyong,8,0.1
2024,8,BharatBenz,6,0
2024,8,Force Motors,3,0
2024,8,Maserati,2,0
2024,8,Smart,1,0
2024,8,Ferrari,1,0
2024,8,Bentley,1,0
2024,8,Lamborghini,1,0
2024,9,Volkswagen,2084,15
2024,9,Toyota,1823,13.2
2024,9,BMW,1193,8.6
2024,9,Mercedes-Benz,891,6.4
2024,9,Tesla,848,6.1
2024,9,Volvo,763,5.5
2024,9,Ford,697,5
2024,9,Audi,688,5
2024,9,Skoda,653,4.7
2024,9,Mitsubishi,562,4.1
2024,9,MG,549,4
2024,9,Nissan,460,3.3
2024,9,Kia,418,3
2024,9,Mahindra,354,2.6
2024,9,Renault,256,1.8
2024,9,Tata,249,1.8
2024,9,Suzuki,241,1.7
2024,9,Ashok LeyLand,227,1.6
2024,9,Hyundai,227,1.6
2024,9,Citroen,149,1.1
2024,9,Honda,148,1.1
2024,9,Lexus,141,1
2024,9,MINI,48,0.3
2024,9,Land Rover,45,0.3
2024,9,Jaguar,44,0.3
2024,9,Porsche,26,0.2
2024,9,Fiat,16,0.1
2024,9,BharatBenz,15,0.1
2024,9,Dacia,13,0.1
2024,9,Ssangyong,9,0.1
2024,9,Jeep,5,0
2024,9,DS,4,0
2024,9,Smart,4,0
2024,9,Force Motors,4,0
2024,10,Volkswagen,2161,18.1
2024,10,Toyota,1327,11.1
2024,10,BMW,1096,9.2
2024,10,Mercedes-Benz,732,6.1
2024,10,Volvo,732,6.1
2024,10,Nissan,646,5.4
2024,10,Skoda,628,5.3
2024,10,Audi,603,5.1
2024,10,Ford,534,4.5
2024,10,MG,524,4.4
2024,10,Mitsubishi,426,3.6
2024,10,Mahindra,415,3.5
2024,10,Kia,315,2.6
2024,10,Tata,249,2.1
2024,10,Suzuki,226,1.9
2024,10,Hyundai,221,1.9
2024,10,Ashok LeyLand,217,1.8
2024,10,Renault,216,1.8
2024,10,Citroen,171,1.4
2024,10,Tesla,123,1
2024,10,Honda,111,0.9
2024,10,Lexus,86,0.7
2024,10,MINI,56,0.5
2024,10,Jaguar,34,0.3
2024,10,Land Rover,16,0.1
2024,10,Porsche,14,0.1
2024,10,Dacia,14,0.1
2024,10,Fiat,10,0.1
2024,10,DS,9,0.1
2024,10,Ssangyong,5,0
2024,10,Jeep,5,0
2024,10,Force Motors,4,0
2024,10,BharatBenz,3,0
2024,10,Smart,2,0
2024,10,Chevrolet US,1,0
2024,11,Volkswagen,2106,16
2024,11,BMW,1663,12.6
2024,11,Toyota,1375,10.4
2024,11,Mercedes-Benz,807,6.1
2024,11,Volvo,754,5.7
2024,11,Ford,690,5.2
2024,11,Skoda,665,5
2024,11,Audi,645,4.9
2024,11,Nissan,571,4.3
2024,11,Mitsubishi,472,3.6
2024,11,Mahindra,427,3.2
2024,11,MG,420,3.2
2024,11,Hyundai,400,3
2024,11,Kia,343,2.6
2024,11,Tata,317,2.4
2024,11,Ashok LeyLand,279,2.1
2024,11,Suzuki,269,2
2024,11,Renault,202,1.5
2024,11,Tesla,170,1.3
2024,11,Citroen,161,1.2
2024,11,Honda,109,0.8
2024,11,Lexus,89,0.7
2024,11,MINI,78,0.6
2024,11,Jaguar,33,0.3
2024,11,Land Rover,32,0.2
2024,11,Dacia,31,0.2
2024,11,Porsche,29,0.2
2024,11,Jeep,23,0.2
2024,11,Ssangyong,13,0.1
2024,11,Fiat,12,0.1
2024,11,BharatBenz,4,0
2024,11,Smart,2,0
2024,11,Force Motors,2,0
2024,11,DS,1,0
2024,12,Volkswagen,2239,16.5
2024,12,Toyota,1238,9.1
2024,12,Volvo,1235,9.1
2024,12,BMW,866,6.4
2024,12,Audi,827,6.1
2024,12,Ford,727,5.3
2024,12,Tesla,688,5.1
2024,12,Mercedes-Benz,653,4.8
2024,12,MG,541,4
2024,12,Nissan,533,3.9
2024,12,Skoda,526,3.9
2024,12,Ashok LeyLand,508,3.7
2024,12,Mitsubishi,444,3.3
2024,12,Hyundai,423,3.1
2024,12,Tata,372,2.7
2024,12,Kia,327,2.4
2024,12,Suzuki,271,2
2024,12,Mahindra,270,2
2024,12,Renault,224,1.6
2024,12,Citroen,119,0.9
2024,12,Honda,118,0.9
2024,12,Lexus,82,0.6
2024,12,Dacia,80,0.6
2024,12,MINI,68,0.5
2024,12,Land Rover,64,0.5
2024,12,Jeep,39,0.3
2024,12,Jaguar,38,0.3
2024,12,Fiat,32,0.2
2024,12,Porsche,27,0.2
2024,12,DS,6,0
2024,12,Ssangyong,5,0
2024,12,Maserati,5,0
2024,12,BharatBenz,3,0
2024,12,Force Motors,3,0
2024,12,Smart,1,0
2025,1,Volkswagen,1688,12.9
2025,1,BMW,1540,11.8
2025,1,Toyota,1526,11.7
2025,1,Volvo,1158,8.9
2025,1,Mercedes-Benz,970,7.4
2025,1,Skoda,681,5.2
2025,1,Ford,617,4.7
2025,1,Nissan,615,4.7
2025,1,Mahindra,571,4.4
2025,1,Audi,565,4.3
2025,1,Kia,422,3.2
2025,1,Tesla,367,2.8
2025,1,Suzuki,352,2.7
2025,1,Hyundai,349,2.7
2025,1,Renault,306,2.3
2025,1,MG,284,2.2
2025,1,Mitsubishi,216,1.7
2025,1,Tata,191,1.5
2025,1,Citroen,163,1.2
2025,1,Honda,101,0.8
2025,1,Lexus,98,0.8
2025,1,Porsche,91,0.7
2025,1,MINI,65,0.5
2025,1,Ashok LeyLand,39,0.3
2025,1,Jaguar,27,0.2
2025,1,Land Rover,18,0.1
2025,1,Dacia,9,0.1
2025,1,DS,9,0.1
2025,1,BharatBenz,6,0
2025,1,Fiat,3,0
2025,1,Force Motors,3,0
2025,1,Maserati,2,0
2025,1,Ferrari,1,0
2025,1,Smart,1,0
2025,1,Ssangyong,1,0
